"scenario","K","tau_w_scale","parameter","true_value","posterior_median","posterior_sd","lower_95","upper_95","inside_95","bias","bias_frac","z"
"main",4,0.2,"mu",1.1376975408664,1.14473803231409,0.429217265886566,0.495282734931145,2.20352893612669,TRUE,0.00704049144768604,0.00618836834465199,0.0164030946731456
"main",4,0.2,"phi",0.95,0.950426761969343,0.0232007779681381,0.900461670732803,0.991470439266888,TRUE,0.00042676196934277,0.000449223125623969,0.0183942956537426
"main",4,0.2,"sigma_eta",0.25,0.257897391440997,0.058292928371535,0.150569130971555,0.379848608092601,TRUE,0.0078973914409971,0.0315895657639884,0.135477692777113
"main",4,0.2,"nu",10,20.8362894041552,13.3745852406058,7.90895039701959,58.7056078938173,TRUE,10.8362894041552,1.08362894041552,0.810214986798678
"main",4,0.2,"g_sd",0.156539656318963,0.14007268432306,0.0297705014011342,0.0947724491333438,0.21214659937028,TRUE,-0.0164669719959029,-0.105193612807927,-0.553130488936796
"main",4,0.2,"h_bar",1.03446347320351,1.11138560095802,0.0875603056466982,0.931197987792291,1.27731834990948,TRUE,0.0769221277545051,0.0743594430804733,0.878504559644668
"strong",4,0.2,"mu",-1.51062441079145,-1.50337092504264,0.273159561839258,-2.00321858198552,-0.91969363886956,TRUE,0.00725348574880713,-0.0048016473830228,0.026554024687869
"strong",4,0.2,"phi",0.95,0.93959766674707,0.0151033482764743,0.908467997916734,0.967797550601744,TRUE,-0.0104023332529297,-0.0109498244767681,-0.688743519814935
"strong",4,0.2,"sigma_eta",0.25,0.3084352960649,0.0564941866183728,0.211959706888024,0.433282565120457,TRUE,0.0584352960649004,0.233741184259602,1.03435945471063
"strong",4,0.2,"nu",10,19.8620914301193,13.2293021304752,7.47524356131384,57.074330487683,TRUE,9.86209143011935,0.986209143011935,0.74547329351568
"strong",4,0.2,"g_sd",0.40370775992311,0.364670066454095,0.03485317745354,0.301699064961053,0.440441992351344,TRUE,-0.0390376934690149,-0.096697902156872,-1.12006124896512
"strong",4,0.2,"h_bar",-1.65468615609226,-1.5866333049719,0.0898119106500247,-1.77857631035925,-1.41988450453181,TRUE,0.0680528511203577,-0.0411273466389982,0.757726348630342
"main",4,0.35,"mu",1.1376975408664,1.14425560388532,0.453065641728804,0.47623877548778,2.26377515446415,TRUE,0.0065580630189237,0.0057643290798796,0.0144748628342231
"main",4,0.35,"phi",0.95,0.950391064730024,0.0241895799717899,0.898769743396266,0.992743827129745,TRUE,0.00039106473002426,0.000411647084236063,0.0161666606233066
"main",4,0.35,"sigma_eta",0.25,0.256857587676569,0.0584571234027707,0.150238441445662,0.380188046457883,TRUE,0.00685758767656885,0.0274303507062754,0.11730970115173
"main",4,0.35,"nu",10,20.8154043127921,13.1929044929639,7.83873273029581,57.1857608797172,TRUE,10.8154043127921,1.08154043127921,0.819789479910223
"main",4,0.35,"g_sd",0.156539656318963,0.142887700391763,0.0306103492458953,0.0960088973452855,0.215944107581605,TRUE,-0.0136519559271997,-0.0872108464284775,-0.445991511483013
"main",4,0.35,"h_bar",1.03446347320351,1.1098813066406,0.0869290674459311,0.927492392240593,1.26909220843607,TRUE,0.0754178334370874,0.0729052647973492,0.867579000361375
"strong",4,0.35,"mu",-1.51062441079145,-1.50254347861422,0.282326465207159,-2.01123387495794,-0.897920588284099,TRUE,0.00808093217722994,-0.00534939864568729,0.0286226520468087
"strong",4,0.35,"phi",0.95,0.940116917402605,0.0157665417921612,0.907284110436597,0.96965119834886,TRUE,-0.00988308259739512,-0.0104032448393633,-0.62683895604227
"strong",4,0.35,"sigma_eta",0.25,0.306673705128911,0.0564146601995817,0.207260666756158,0.427804206718247,TRUE,0.0566737051289111,0.226694820515644,1.00459180164186
"strong",4,0.35,"nu",10,19.7933629996013,12.9270223335401,7.44284458455878,56.7433838917695,TRUE,9.79336299960131,0.979336299960131,0.75758846445184
"strong",4,0.35,"g_sd",0.40370775992311,0.368899303229001,0.0352609022622337,0.305619578728111,0.444189609547551,TRUE,-0.034808456694109,-0.0862219163207035,-0.987168633270929
"strong",4,0.35,"h_bar",-1.65468615609226,-1.58752966936217,0.0893888849969085,-1.77291649959429,-1.42265714844785,TRUE,0.067156486730086,-0.0405856340084963,0.751284533109553
"main",4,0.5,"mu",1.1376975408664,1.137419960009,0.435579441957621,0.523260483435306,2.18455259373661,TRUE,-0.000277580857395376,-0.000243984756426553,-0.000637268040355273
"main",4,0.5,"phi",0.95,0.949568542517431,0.0244761833354701,0.896451877278581,0.991199868599299,TRUE,-0.000431457482569231,-0.000454165771125506,-0.0176276454811473
"main",4,0.5,"sigma_eta",0.25,0.257092972669919,0.0608886623949073,0.143832607342327,0.383946331897378,TRUE,0.00709297266991876,0.028371890679675,0.116490860382441
"main",4,0.5,"nu",10,20.5949627616189,13.3226119461503,7.75969597514645,57.4475463500413,TRUE,10.5949627616189,1.05949627616189,0.795261680250351
"main",4,0.5,"g_sd",0.156539656318963,0.144398923121719,0.0316188774689165,0.0972034449443167,0.220871378551819,TRUE,-0.0121407331972437,-0.0775569174146254,-0.383971037845313
"main",4,0.5,"h_bar",1.03446347320351,1.10891267263019,0.0887341447709848,0.926675741780196,1.27519411325796,TRUE,0.0744491994266807,0.0719689011310642,0.839014109155249
"strong",4,0.5,"mu",-1.51062441079145,-1.49784712413862,0.404354617224771,-2.01413752299326,-0.873471932699995,TRUE,0.0127772866528277,-0.00845828159637208,0.0315992104666018
"strong",4,0.5,"phi",0.95,0.940354835068935,0.0162886430512459,0.907797580807302,0.971058737069053,TRUE,-0.00964516493106471,-0.0101528051905944,-0.592140480991568
"strong",4,0.5,"sigma_eta",0.25,0.305885232288259,0.0570461425055069,0.206200399657439,0.428707361800407,TRUE,0.0558852322882594,0.223540929153037,0.979649628068445
"strong",4,0.5,"nu",10,19.8728784778418,13.2436820514369,7.2880471534516,57.5452688415076,TRUE,9.87287847784176,0.987287847784176,0.745478367684808
"strong",4,0.5,"g_sd",0.40370775992311,0.371906581645687,0.0354697762650255,0.307960423149898,0.446921277443252,TRUE,-0.0318011782774235,-0.0787727694000243,-0.896571155109897
"strong",4,0.5,"h_bar",-1.65468615609226,-1.58764623994706,0.0901200179886832,-1.77819238835665,-1.42337253244197,TRUE,0.0670399161451976,-0.0405151852503078,0.743895947220251
"main",4,0.75,"mu",1.1376975408664,1.14631310268343,0.545662961254186,0.454443031385021,2.55605696382155,TRUE,0.00861556181702672,0.00757280516794089,0.0157891636940579
"main",4,0.75,"phi",0.95,0.950623340073296,0.0251932116897829,0.897268271570328,0.994058892021173,TRUE,0.000623340073296008,0.000656147445574745,0.0247423822326236
"main",4,0.75,"sigma_eta",0.25,0.257271883678452,0.0605898763544906,0.145756861710391,0.384914365213259,TRUE,0.00727188367845155,0.0290875347138062,0.120018130354092
"main",4,0.75,"nu",10,20.7955869602661,13.1359695474534,7.87184942997395,58.1065962868122,TRUE,10.7955869602661,1.07955869602661,0.821834042874966
"main",4,0.75,"g_sd",0.156539656318963,0.14507333771132,0.0321092097737303,0.0967528758392158,0.222742076470083,TRUE,-0.0114663186076434,-0.0732486507079062,-0.357103730937172
"main",4,0.75,"h_bar",1.03446347320351,1.11004635311394,0.0872097506378398,0.929690944263613,1.27264334760934,TRUE,0.0755828799104319,0.073064812695965,0.866679234347414
"strong",4,0.75,"mu",-1.51062441079145,-1.49875684669539,0.293374421840941,-2.02126218227146,-0.88402595893128,TRUE,0.0118675640960575,-0.00785606535369027,0.0404519385895603
"strong",4,0.75,"phi",0.95,0.940565911207667,0.0165353809923298,0.907110623059523,0.972239676846221,TRUE,-0.00943408879233298,-0.00993061978140314,-0.57053954769528
"strong",4,0.75,"sigma_eta",0.25,0.305390685976378,0.0570122160431481,0.205459717020403,0.429227463260332,TRUE,0.0553906859763779,0.221562743905511,0.971558199640178
"strong",4,0.75,"nu",10,19.6037467949088,12.8566343555002,7.42796575408264,55.4339742397262,TRUE,9.6037467949088,0.960374679490881,0.746987627504566
"strong",4,0.75,"g_sd",0.40370775992311,0.374047519921109,0.0356273063161013,0.309623664245253,0.449460223711526,TRUE,-0.0296602400020011,-0.0734695810842233,-0.832514244519141
"strong",4,0.75,"h_bar",-1.65468615609226,-1.5864977068706,0.0897047769719439,-1.77416957830204,-1.42308885333144,TRUE,0.0681884492216622,-0.0412092945665887,0.760142899000673
"main",4,1,"mu",1.1376975408664,1.14706701257008,0.518674330957879,0.497716728095644,2.54778807473501,TRUE,0.00936947170368385,0.00823546801072335,0.0180642671989965
"main",4,1,"phi",0.95,0.950346620079702,0.0251474525150302,0.897290723350802,0.993697329006606,TRUE,0.00034662007970232,0.000364863241791916,0.0137835066790623
"main",4,1,"sigma_eta",0.25,0.256878846511601,0.0593375360394382,0.148249341699836,0.381869780414154,TRUE,0.00687884651160076,0.027515386046403,0.115927403979646
"main",4,1,"nu",10,20.7014270877462,13.2087152610951,7.96396224007973,57.6648253699026,TRUE,10.7014270877462,1.07014270877462,0.810179254848966
"main",4,1,"g_sd",0.156539656318963,0.14575046539941,0.0317843706196722,0.0978075974283541,0.221828236958375,TRUE,-0.0107891909195529,-0.0689230523003637,-0.339449569370272
"main",4,1,"h_bar",1.03446347320351,1.10941106577704,0.0871529461234874,0.931986627522614,1.27365406019077,TRUE,0.0749475925735321,0.0724506901548062,0.859954779581846
"strong",4,1,"mu",-1.51062441079145,-1.49770296904253,0.295495091196078,-2.01485151046348,-0.860712074695667,TRUE,0.0129214417489181,-0.00855370908652816,0.0437281096502005
"strong",4,1,"phi",0.95,0.94117306456446,0.0162804135414681,0.908192517019576,0.97206712942345,TRUE,-0.00882693543554003,-0.00929151098477898,-0.542181278937222
"strong",4,1,"sigma_eta",0.25,0.303450268300708,0.05668657430355,0.203423685164737,0.426638263017453,TRUE,0.0534502683007076,0.213801073202831,0.942908774386114
"strong",4,1,"nu",10,19.587068627129,12.8492145845463,7.51317007744211,55.6506499606864,TRUE,9.58706862712896,0.958706862712896,0.746120983819457
"strong",4,1,"g_sd",0.40370775992311,0.374431774483862,0.0357414388412706,0.310929708348617,0.451900910024121,TRUE,-0.0292759854392478,-0.0725177674187478,-0.819104837084588
"strong",4,1,"h_bar",-1.65468615609226,-1.58685812558315,0.0898861326037293,-1.77482481268284,-1.42224410460676,TRUE,0.0678280305091086,-0.0409914776040024,0.754599497657044
