"loss","regime","n","model_A","model_B","mean_diff","statistic","p_value","better"
"qlike","high",113,"sGARCH","gjrGARCH",0.00096290860970087,0.0263192428423779,0.979002706658446,"gjrGARCH"
"qlike","high",113,"sGARCH","eGARCH",-0.112280038297857,-1.47369897016276,0.140562660267012,"sGARCH"
"qlike","high",113,"sGARCH","harRV",-0.0209255595588002,-0.297230278332,0.766290707083927,"sGARCH"
"qlike","high",113,"sGARCH","linearSV",0.0249057332039005,0.59498910200685,0.551850755697676,"linearSV"
"qlike","high",113,"sGARCH","regimeSwitchingSV",0.0372855232411738,0.687791534068732,0.491584068133801,"regimeSwitchingSV"
"qlike","high",113,"sGARCH","nonlinearSV",0.0538227532433619,0.790230034731771,0.429393438512335,"nonlinearSV"
"qlike","high",113,"gjrGARCH","eGARCH",-0.113242946907557,-1.35123752828672,0.176619356574208,"gjrGARCH"
"qlike","high",113,"gjrGARCH","harRV",-0.0218884681685011,-0.333426451969348,0.738812398631556,"gjrGARCH"
"qlike","high",113,"gjrGARCH","linearSV",0.0239428245941996,0.79159455645975,0.428597121986417,"linearSV"
"qlike","high",113,"gjrGARCH","regimeSwitchingSV",0.0363226146314729,0.72500735267963,0.468447519698541,"regimeSwitchingSV"
"qlike","high",113,"gjrGARCH","nonlinearSV",0.0528598446336611,0.827982665187987,0.40768031714004,"nonlinearSV"
"qlike","high",113,"eGARCH","harRV",0.0913544787390564,1.20337717635264,0.22883039594161,"harRV"
"qlike","high",113,"eGARCH","linearSV",0.137185771501757,1.40862513441185,0.158946042725552,"linearSV"
"qlike","high",113,"eGARCH","regimeSwitchingSV",0.14956556153903,1.28120527045558,0.200121575393812,"regimeSwitchingSV"
"qlike","high",113,"eGARCH","nonlinearSV",0.166102791541219,1.32365059234321,0.185619114457917,"nonlinearSV"
"qlike","high",113,"harRV","linearSV",0.0458312927627007,0.691897364501262,0.489001785841369,"linearSV"
"qlike","high",113,"harRV","regimeSwitchingSV",0.058211082799974,0.689619912752905,0.490433241614542,"regimeSwitchingSV"
"qlike","high",113,"harRV","nonlinearSV",0.0747483128021622,0.814587641416381,0.415308386954409,"nonlinearSV"
"qlike","high",113,"linearSV","regimeSwitchingSV",0.0123797900372733,0.503573172093302,0.614561348966913,"regimeSwitchingSV"
"qlike","high",113,"linearSV","nonlinearSV",0.0289170200394615,0.703452315509147,0.481773913545023,"nonlinearSV"
"qlike","high",113,"regimeSwitchingSV","nonlinearSV",0.0165372300021882,0.546146340058707,0.5849653481216,"nonlinearSV"
"qlike","low",40,"sGARCH","gjrGARCH",0.0278492793622442,0.642443526078536,0.520585246247021,"gjrGARCH"
"qlike","low",40,"sGARCH","eGARCH",0.0294845682984553,0.390961373276612,0.695825787660069,"eGARCH"
"qlike","low",40,"sGARCH","harRV",0.0782192494482419,1.16535746112132,0.243874328736342,"harRV"
"qlike","low",40,"sGARCH","linearSV",0.016990792110206,0.254330199938606,0.799240470493346,"linearSV"
"qlike","low",40,"sGARCH","regimeSwitchingSV",-0.049805171305939,-0.656371108813238,0.511585374878471,"sGARCH"
"qlike","low",40,"sGARCH","nonlinearSV",-0.0510443082571413,-0.686486499339658,0.492406374905882,"sGARCH"
"qlike","low",40,"gjrGARCH","eGARCH",0.00163528893621116,0.02996854780988,0.976092137110198,"eGARCH"
"qlike","low",40,"gjrGARCH","harRV",0.0503699700859978,1.15140780551519,0.249564504153372,"harRV"
"qlike","low",40,"gjrGARCH","linearSV",-0.0108584872520382,-0.290328905515253,0.771564627302683,"gjrGARCH"
"qlike","low",40,"gjrGARCH","regimeSwitchingSV",-0.0776544506681832,-1.44282742347215,0.149069091933772,"gjrGARCH"
"qlike","low",40,"gjrGARCH","nonlinearSV",-0.0788935876193855,-1.81622754740927,0.0693354740217208,"gjrGARCH"
"qlike","low",40,"eGARCH","harRV",0.0487346811497866,0.795350195255317,0.426409822627396,"harRV"
"qlike","low",40,"eGARCH","linearSV",-0.0124937761882493,-0.188372125605985,0.850584949075492,"eGARCH"
"qlike","low",40,"eGARCH","regimeSwitchingSV",-0.0792897396043943,-1.05234534545227,0.292641134308008,"eGARCH"
"qlike","low",40,"eGARCH","nonlinearSV",-0.0805288765555966,-1.20616118842769,0.227755345609014,"eGARCH"
"qlike","low",40,"harRV","linearSV",-0.061228457338036,-2.06740550835462,0.0386959596482186,"harRV"
"qlike","low",40,"harRV","regimeSwitchingSV",-0.128024420754181,-2.13805514711408,0.0325122676717737,"harRV"
"qlike","low",40,"harRV","nonlinearSV",-0.129263557705383,-2.71267653752988,0.00667422200215967,"harRV"
"qlike","low",40,"linearSV","regimeSwitchingSV",-0.066795963416145,-1.84686267379623,0.0647670456702839,"linearSV"
"qlike","low",40,"linearSV","nonlinearSV",-0.0680351003673473,-2.84784721645836,0.00440160500812157,"linearSV"
"qlike","low",40,"regimeSwitchingSV","nonlinearSV",-0.00123913695120228,-0.05421190982663,0.956766331969922,"regimeSwitchingSV"
"negative_lps","high",113,"sGARCH","gjrGARCH",0.00442310311920146,0.37641730206212,0.706606685085772,"gjrGARCH"
"negative_lps","high",113,"sGARCH","eGARCH",-0.0284948722448738,-1.12376495253366,0.261112753320409,"sGARCH"
"negative_lps","high",113,"sGARCH","harRV",0.00797996558621142,0.36682617828593,0.713748679371094,"harRV"
"negative_lps","high",113,"sGARCH","linearSV",0.0182380965236945,1.43908432076499,0.150126633810991,"linearSV"
"negative_lps","high",113,"sGARCH","regimeSwitchingSV",0.0274140986380082,1.60449985972698,0.108603915358255,"regimeSwitchingSV"
"negative_lps","high",113,"sGARCH","nonlinearSV",0.0285391696054626,1.37118823855889,0.170316283650055,"nonlinearSV"
"negative_lps","high",113,"gjrGARCH","eGARCH",-0.0329179753640752,-1.19763650436004,0.231058558301059,"gjrGARCH"
"negative_lps","high",113,"gjrGARCH","harRV",0.00355686246700996,0.179113838166749,0.857848316432147,"harRV"
"negative_lps","high",113,"gjrGARCH","linearSV",0.0138149934044931,1.22470699527943,0.220685637529593,"linearSV"
"negative_lps","high",113,"gjrGARCH","regimeSwitchingSV",0.0229909955188067,1.33886402073823,0.180614944425773,"regimeSwitchingSV"
"negative_lps","high",113,"gjrGARCH","nonlinearSV",0.0241160664862611,1.21888953731535,0.222886121297909,"nonlinearSV"
"negative_lps","high",113,"eGARCH","harRV",0.0364748378310852,1.35070494620819,0.176789967220646,"harRV"
"negative_lps","high",113,"eGARCH","linearSV",0.0467329687685683,1.48313079480714,0.138039663643319,"linearSV"
"negative_lps","high",113,"eGARCH","regimeSwitchingSV",0.0559089708828819,1.48814593602833,0.136712411407842,"regimeSwitchingSV"
"negative_lps","high",113,"eGARCH","nonlinearSV",0.0570340418503364,1.45194418274161,0.146517126028563,"nonlinearSV"
"negative_lps","high",113,"harRV","linearSV",0.0102581309374831,0.52226989081763,0.601482429873264,"linearSV"
"negative_lps","high",113,"harRV","regimeSwitchingSV",0.0194341330517967,0.741356829961052,0.458477112420142,"regimeSwitchingSV"
"negative_lps","high",113,"harRV","nonlinearSV",0.0205592040192512,0.761911499803569,0.446112826020981,"nonlinearSV"
"negative_lps","high",113,"linearSV","regimeSwitchingSV",0.00917600211431362,1.11126826085806,0.266452896828255,"regimeSwitchingSV"
"negative_lps","high",113,"linearSV","nonlinearSV",0.0103010730817681,0.854357205649939,0.392907099691994,"nonlinearSV"
"negative_lps","high",113,"regimeSwitchingSV","nonlinearSV",0.00112507096745444,0.129930935823106,0.896621068499093,"nonlinearSV"
"negative_lps","low",40,"sGARCH","gjrGARCH",0.0113561541488877,0.558845478895528,0.576267181267414,"gjrGARCH"
"negative_lps","low",40,"sGARCH","eGARCH",0.00972244517016514,0.27481698261062,0.783456850047752,"eGARCH"
"negative_lps","low",40,"sGARCH","harRV",0.0327351855370778,1.08035819340431,0.279982704999937,"harRV"
"negative_lps","low",40,"sGARCH","linearSV",0.0117644404062424,0.438404058898324,0.661093404653429,"linearSV"
"negative_lps","low",40,"sGARCH","regimeSwitchingSV",-0.0075040081947,-0.25145259740468,0.801464206769749,"sGARCH"
"negative_lps","low",40,"sGARCH","nonlinearSV",-0.00994676894695558,-0.328205902658697,0.742755985148502,"sGARCH"
"negative_lps","low",40,"gjrGARCH","eGARCH",-0.00163370897872258,-0.0606201379835213,0.951661735225704,"gjrGARCH"
"negative_lps","low",40,"gjrGARCH","harRV",0.0213790313881901,0.969257647347868,0.332416654968496,"harRV"
"negative_lps","low",40,"gjrGARCH","linearSV",0.000408286257354645,0.0265490678310932,0.978819396905036,"linearSV"
"negative_lps","low",40,"gjrGARCH","regimeSwitchingSV",-0.0188601623435877,-0.8766633498945,0.380669519112362,"gjrGARCH"
"negative_lps","low",40,"gjrGARCH","nonlinearSV",-0.0213029230958433,-1.16307734179552,0.244798124213313,"gjrGARCH"
"negative_lps","low",40,"eGARCH","harRV",0.0230127403669127,0.862485858350165,0.388420211762509,"harRV"
"negative_lps","low",40,"eGARCH","linearSV",0.00204199523607723,0.0684212160177217,0.945450333464027,"linearSV"
"negative_lps","low",40,"eGARCH","regimeSwitchingSV",-0.0172264533648651,-0.489331005941848,0.624607373146472,"eGARCH"
"negative_lps","low",40,"eGARCH","nonlinearSV",-0.0196692141171207,-0.703003169765401,0.482053774095608,"eGARCH"
"negative_lps","low",40,"harRV","linearSV",-0.0209707451308355,-1.51290284630991,0.130304338821416,"harRV"
"negative_lps","low",40,"harRV","regimeSwitchingSV",-0.0402391937317778,-1.99081302681953,0.0465014466732027,"harRV"
"negative_lps","low",40,"harRV","nonlinearSV",-0.0426819544840334,-2.37543071889329,0.0175284826489728,"harRV"
"negative_lps","low",40,"linearSV","regimeSwitchingSV",-0.0192684486009424,-1.92909677094512,0.0537188498019066,"linearSV"
"negative_lps","low",40,"linearSV","nonlinearSV",-0.0217112093531979,-2.27571812868158,0.0228628856071882,"linearSV"
"negative_lps","low",40,"regimeSwitchingSV","nonlinearSV",-0.00244276075225559,-0.264952471486613,0.791046075872609,"regimeSwitchingSV"
"fz05","high",113,"sGARCH","gjrGARCH",0.0585467367130409,1.20761952279697,0.227193646258604,"gjrGARCH"
"fz05","high",113,"sGARCH","eGARCH",-0.0222672063009011,-0.274072160030622,0.784029168034031,"sGARCH"
"fz05","high",113,"sGARCH","harRV",0.0373529561125512,0.348413556444988,0.72752962301235,"harRV"
"fz05","high",113,"sGARCH","linearSV",0.0344151374892145,0.547462161778265,0.584061259142623,"linearSV"
"fz05","high",113,"sGARCH","regimeSwitchingSV",0.052141437005541,0.651315315373271,0.514842963927312,"regimeSwitchingSV"
"fz05","high",113,"sGARCH","nonlinearSV",0.00989635860112744,0.109347776836304,0.912926653319011,"nonlinearSV"
"fz05","high",113,"gjrGARCH","eGARCH",-0.080813943013942,-0.927462055138473,0.353686684172451,"gjrGARCH"
"fz05","high",113,"gjrGARCH","harRV",-0.0211937806004897,-0.225728958951069,0.82141223334057,"gjrGARCH"
"fz05","high",113,"gjrGARCH","linearSV",-0.0241315992238264,-0.504883558190545,0.613640622887634,"gjrGARCH"
"fz05","high",113,"gjrGARCH","regimeSwitchingSV",-0.00640529970749988,-0.107530893469555,0.914367817958413,"gjrGARCH"
"fz05","high",113,"gjrGARCH","nonlinearSV",-0.0486503781119135,-0.671085129753257,0.502166299421619,"gjrGARCH"
"fz05","high",113,"eGARCH","harRV",0.0596201624134523,0.535343384122224,0.592412431762317,"harRV"
"fz05","high",113,"eGARCH","linearSV",0.0566823437901156,0.689289204593954,0.490641290097184,"linearSV"
"fz05","high",113,"eGARCH","regimeSwitchingSV",0.0744086433064421,0.77076718091427,0.440844943448479,"regimeSwitchingSV"
"fz05","high",113,"eGARCH","nonlinearSV",0.0321635649020285,0.375215106194336,0.707500496439683,"nonlinearSV"
"fz05","high",113,"harRV","linearSV",-0.00293781862333667,-0.0420673019304889,0.966445046364879,"harRV"
"fz05","high",113,"harRV","regimeSwitchingSV",0.0147884808929898,0.166823544146274,0.8675088927304,"regimeSwitchingSV"
"fz05","high",113,"harRV","nonlinearSV",-0.0274565975114238,-0.287410144254703,0.773798294730842,"harRV"
"fz05","high",113,"linearSV","regimeSwitchingSV",0.0177262995163265,0.61214568067402,0.54044137655897,"regimeSwitchingSV"
"fz05","high",113,"linearSV","nonlinearSV",-0.0245187788880871,-0.549222771227499,0.582852579144087,"linearSV"
"fz05","high",113,"regimeSwitchingSV","nonlinearSV",-0.0422450784044136,-1.03973900467682,0.298461173982416,"regimeSwitchingSV"
"fz05","low",40,"sGARCH","gjrGARCH",0.175550459597799,1.40975729032207,0.158611361757916,"gjrGARCH"
"fz05","low",40,"sGARCH","eGARCH",0.280320732474285,1.52876951839958,0.12632159140433,"eGARCH"
"fz05","low",40,"sGARCH","harRV",0.236717483089916,1.25455024619676,0.209642074610688,"harRV"
"fz05","low",40,"sGARCH","linearSV",0.222557421945382,1.17253023577658,0.240984240210566,"linearSV"
"fz05","low",40,"sGARCH","regimeSwitchingSV",0.194079939550833,1.03690186115132,0.299781596478245,"regimeSwitchingSV"
"fz05","low",40,"sGARCH","nonlinearSV",0.171227325409572,0.900994570299939,0.367591206619665,"nonlinearSV"
"fz05","low",40,"gjrGARCH","eGARCH",0.104770272876486,0.982075177786611,0.326062813133233,"eGARCH"
"fz05","low",40,"gjrGARCH","harRV",0.0611670234921169,0.520954045461467,0.602398784710587,"harRV"
"fz05","low",40,"gjrGARCH","linearSV",0.047006962347583,0.48880503638784,0.62497973205718,"linearSV"
"fz05","low",40,"gjrGARCH","regimeSwitchingSV",0.0185294799530336,0.187516157361153,0.85125595663037,"regimeSwitchingSV"
"fz05","low",40,"gjrGARCH","nonlinearSV",-0.00432313418822785,-0.0486040587508395,0.961234835374606,"gjrGARCH"
"fz05","low",40,"eGARCH","harRV",-0.0436032493843688,-0.274753436502061,0.783505673996863,"eGARCH"
"fz05","low",40,"eGARCH","linearSV",-0.0577633105289026,-0.462078844450354,0.644024780617688,"eGARCH"
"fz05","low",40,"eGARCH","regimeSwitchingSV",-0.0862407929234521,-0.663976863569026,0.506705119222687,"eGARCH"
"fz05","low",40,"eGARCH","nonlinearSV",-0.109093407064713,-0.947497980481757,0.343385084835874,"eGARCH"
"fz05","low",40,"harRV","linearSV",-0.0141600611445339,-0.255486605727666,0.798347287513461,"harRV"
"fz05","low",40,"harRV","regimeSwitchingSV",-0.0426375435390833,-0.692513220764273,0.488615086245867,"harRV"
"fz05","low",40,"harRV","nonlinearSV",-0.0654901576803447,-0.88279385754293,0.377347659848149,"harRV"
"fz05","low",40,"linearSV","regimeSwitchingSV",-0.0284774823945494,-1.48279298448858,0.138129420571648,"linearSV"
"fz05","low",40,"linearSV","nonlinearSV",-0.0513300965358108,-2.17913749135272,0.0293214558496004,"linearSV"
"fz05","low",40,"regimeSwitchingSV","nonlinearSV",-0.0228526141412614,-0.934524886228119,0.350033204952622,"regimeSwitchingSV"
