"input","z","raw_value","median","q05","q95"
"y_positive",-2.5,-3.91509040554488,0.176912527294256,-0.242654883771309,0.639666432886551
"y_positive",-2.375,-3.65450627632906,0.173537546065547,-0.235786604481151,0.627385523661408
"y_positive",-2.25,-3.39392214711324,0.170526320710625,-0.224211650975286,0.609672152882255
"y_positive",-2.125,-3.13333801789742,0.165695748229114,-0.218454128454388,0.590690372114106
"y_positive",-2,-2.8727538886816,0.158718791338399,-0.211431963970638,0.581746739833863
"y_positive",-1.875,-2.61216975946579,0.155132268125075,-0.20812112022408,0.564316480486266
"y_positive",-1.75,-2.35158563024997,0.148191946026619,-0.201671501976457,0.543564439732595
"y_positive",-1.625,-2.09100150103415,0.14201857656396,-0.195857970436131,0.519879800276815
"y_positive",-1.5,-1.83041737181833,0.133898525403134,-0.191676658762335,0.496978590031869
"y_positive",-1.375,-1.56983324260251,0.126455925312176,-0.182867194939198,0.468136362308582
"y_positive",-1.25,-1.30924911338669,0.11772898594947,-0.182573948396546,0.43951604196746
"y_positive",-1.125,-1.04866498417088,0.108613654109635,-0.1735007749794,0.404873892705183
"y_positive",-1,-0.788080854955058,0.097824894953671,-0.169713031884696,0.378404343086122
"y_positive",-0.875,-0.52749672573924,0.082644010025838,-0.158640090071098,0.352394014514157
"y_positive",-0.75,-0.266912596523421,0.0708572622802841,-0.15337327742146,0.326509244924954
"y_positive",-0.625,-0.00632846730760273,0.0529094550527226,-0.149152109684342,0.295526116538378
"y_positive",-0.5,0.254255661908215,0.0401410567719575,-0.150552447064188,0.264927561750119
"y_positive",-0.375,0.514839791124034,0.0235737156449714,-0.1527871897603,0.242438176792585
"y_positive",-0.25,0.775423920339852,0.00929010325846819,-0.162251624806233,0.206076478204191
"y_positive",-0.125,1.03600804955567,-0.00400168367135438,-0.175716012090584,0.180662703214425
"y_positive",0,1.29659217877149,-0.0161596251156923,-0.19638452345175,0.162914489047959
"y_positive",0.125,1.55717630798731,-0.0248065477490425,-0.216049125479882,0.153173749930467
"y_positive",0.25,1.81776043720313,-0.0347331082689598,-0.235144891361085,0.142873409092949
"y_positive",0.375,2.07834456641894,-0.0471132112035566,-0.258459734939995,0.142400977126224
"y_positive",0.5,2.33892869563476,-0.0584208935751757,-0.288837451161868,0.141562769566419
"y_positive",0.625,2.59951282485058,-0.0698298327263823,-0.312349945768954,0.142081764380638
"y_positive",0.75,2.8600969540664,-0.0823538617651368,-0.334703736884304,0.137098055543038
"y_positive",0.875,3.12068108328222,-0.0935884156575636,-0.362696340651218,0.147856099420423
"y_positive",1,3.38126521249804,-0.103845009499493,-0.385508833483501,0.154677683352036
"y_positive",1.125,3.64184934171385,-0.11413075576328,-0.406307395385046,0.164285661265504
"y_positive",1.25,3.90243347092967,-0.121757749386905,-0.436708871121788,0.174019104999878
"y_positive",1.375,4.16301760014549,-0.128339805612371,-0.458689276146178,0.186905123339813
"y_positive",1.5,4.42360172936131,-0.134657790933108,-0.481972081819404,0.198626418120588
"y_positive",1.625,4.68418585857713,-0.13474715725947,-0.506710066839252,0.207324814712118
"y_positive",1.75,4.94476998779295,-0.138757182275746,-0.528226428881768,0.216078641914592
"y_positive",1.875,5.20535411700876,-0.143035347010934,-0.548893674330561,0.227963608095079
"y_positive",2,5.46593824622458,-0.145776448767308,-0.569127094264682,0.237957037831219
"y_positive",2.125,5.7265223754404,-0.148690417012973,-0.585173174416983,0.250152719368746
"y_positive",2.25,5.98710650465622,-0.149805216902973,-0.60079880327605,0.261098293435021
"y_positive",2.375,6.24769063387204,-0.150832864200293,-0.613578387760241,0.268611908477198
"y_positive",2.5,6.50827476308785,-0.152986804036368,-0.624833977067694,0.280438631050564
"y_negative",-2.5,-6.73988360420406,-0.190454227418945,-0.689721102806803,0.312711986993898
"y_negative",-2.375,-6.46189701465949,-0.189987983966543,-0.676280816570079,0.298845661434358
"y_negative",-2.25,-6.18391042511492,-0.188971967088335,-0.661473399134434,0.29061299650936
"y_negative",-2.125,-5.90592383557035,-0.188123072475746,-0.654141826884544,0.272673640320918
"y_negative",-2,-5.62793724602578,-0.183628482698995,-0.642057844811567,0.251119931725406
"y_negative",-1.875,-5.34995065648121,-0.181648271189698,-0.628195198111909,0.245196232237609
"y_negative",-1.75,-5.07196406693664,-0.182035060047491,-0.609490945873078,0.22661316541093
"y_negative",-1.625,-4.79397747739207,-0.176808121144196,-0.592189806977885,0.214966291415847
"y_negative",-1.5,-4.5159908878475,-0.172831338465117,-0.570928617282508,0.199024310693861
"y_negative",-1.375,-4.23800429830294,-0.165664904616489,-0.54215846797602,0.188497672285492
"y_negative",-1.25,-3.96001770875837,-0.157816784431703,-0.524260142650516,0.167058636187946
"y_negative",-1.125,-3.6820311192138,-0.149763877189273,-0.495428743020457,0.154918769162662
"y_negative",-1,-3.40404452966923,-0.140541300965678,-0.464741514701962,0.147330105293508
"y_negative",-0.875,-3.12605794012466,-0.126655957933874,-0.43806578720539,0.136024962633719
"y_negative",-0.75,-2.84807135058009,-0.11505915311516,-0.407563494721594,0.129395224707739
"y_negative",-0.625,-2.57008476103552,-0.100169845576766,-0.373794351679171,0.117728906077404
"y_negative",-0.5,-2.29209817149095,-0.0852756189169061,-0.339602574482231,0.120391140643556
"y_negative",-0.375,-2.01411158194638,-0.0704368874369814,-0.307700722324863,0.130296807777037
"y_negative",-0.25,-1.73612499240181,-0.0531045273361802,-0.275873341531171,0.145655854682237
"y_negative",-0.125,-1.45813840285724,-0.030942082900737,-0.235594169077945,0.162794352890582
"y_negative",0,-1.18015181331267,-0.0164666504304019,-0.209945348951913,0.189193652688596
"y_negative",0.125,-0.902165223768105,0.000808196230785346,-0.187264934718453,0.222446788373227
"y_negative",0.25,-0.624178634223536,0.0213932443867711,-0.166580405411708,0.263013492002512
"y_negative",0.375,-0.346192044678966,0.0412540369335434,-0.154466851619319,0.298047777105957
"y_negative",0.5,-0.0682054551343971,0.0639820259517887,-0.156211249556137,0.335433959500683
"y_negative",0.625,0.209781134410172,0.0806520364082439,-0.152216152048508,0.373859847259701
"y_negative",0.75,0.487767723954741,0.0984938205509384,-0.150942340310751,0.408880834132814
"y_negative",0.875,0.765754313499311,0.117963760861132,-0.151721120996079,0.43566647199528
"y_negative",1,1.04374090304388,0.130516475354884,-0.158398589551083,0.465332045213705
"y_negative",1.125,1.32172749258845,0.141127343156918,-0.166684048270723,0.494006507040668
"y_negative",1.25,1.59971408213302,0.154240985177561,-0.173267583792998,0.520098761996332
"y_negative",1.375,1.87770067167759,0.161480897370467,-0.179422967431846,0.540979654701042
"y_negative",1.5,2.15568726122216,0.172108442639803,-0.189052331795098,0.563617031530363
"y_negative",1.625,2.43367385076673,0.178861921239944,-0.195262906653579,0.583218803156433
"y_negative",1.75,2.7116604403113,0.183851311970107,-0.199046894235965,0.604396724921246
"y_negative",1.875,2.98964702985586,0.188468544267426,-0.202752388794256,0.625863176237864
"y_negative",2,3.26763361940043,0.194051208215234,-0.210433806430678,0.643959133117094
"y_negative",2.125,3.545620208945,0.199402474641045,-0.217631545649108,0.658297622013876
"y_negative",2.25,3.82360679848957,0.207974459268901,-0.221295582339179,0.670109086390538
"y_negative",2.375,4.10159338803414,0.213962267298687,-0.222949969542229,0.683501772294578
"y_negative",2.5,4.37957997757871,0.218529456250537,-0.229595084615001,0.691296196580421
"GCPU_baseline",-2.5,-2.68200473014302,-0.015135953543341,-0.383290834097413,0.353356300371044
"GCPU_baseline",-2.375,-2.53553849677063,-0.0153398420007687,-0.374776552746996,0.344598001748342
"GCPU_baseline",-2.25,-2.38907226339824,-0.0149349478012116,-0.365461960456809,0.33247884988714
"GCPU_baseline",-2.125,-2.24260603002584,-0.0154200077406779,-0.353924875395898,0.323523257229682
"GCPU_baseline",-2,-2.09613979665345,-0.0146363549907594,-0.344872080100929,0.307655542609744
"GCPU_baseline",-1.875,-1.94967356328106,-0.0162025717416385,-0.335256892236813,0.298988593663258
"GCPU_baseline",-1.75,-1.80320732990867,-0.0170958535944883,-0.32554484005281,0.286914813505391
"GCPU_baseline",-1.625,-1.65674109653627,-0.0184634026046418,-0.312418465403431,0.27259321447715
"GCPU_baseline",-1.5,-1.51027486316388,-0.0166981593839375,-0.301568965322108,0.259275506516997
"GCPU_baseline",-1.375,-1.36380862979149,-0.0162781547393299,-0.287661103707145,0.248418450987243
"GCPU_baseline",-1.25,-1.21734239641909,-0.0183010967203547,-0.276030754482673,0.230208085124105
"GCPU_baseline",-1.125,-1.0708761630467,-0.0203985740225672,-0.26651024724691,0.21570814927807
"GCPU_baseline",-1,-0.924409929674305,-0.0212910727743811,-0.25678393419746,0.198273993440052
"GCPU_baseline",-0.875,-0.777943696301912,-0.0230124513563713,-0.246160142688019,0.192016008855458
"GCPU_baseline",-0.75,-0.631477462929519,-0.0247655016289613,-0.243588815625609,0.176305930048933
"GCPU_baseline",-0.625,-0.485011229557125,-0.0243522429342714,-0.235597683216328,0.157404992275431
"GCPU_baseline",-0.5,-0.338544996184732,-0.026694302061353,-0.227665097387427,0.14684557565324
"GCPU_baseline",-0.375,-0.192078762812339,-0.0291902986542435,-0.220572945006511,0.13841877168277
"GCPU_baseline",-0.25,-0.0456125294399455,-0.0285857691378191,-0.211661553154249,0.141364460039906
"GCPU_baseline",-0.125,0.100853703932448,-0.0277946046844238,-0.21234184557311,0.142775220733369
"GCPU_baseline",0,0.247319937304841,-0.0260062709487537,-0.209574602478065,0.140814629870946
"GCPU_baseline",0.125,0.393786170677234,-0.0249338315704857,-0.20587623680977,0.138826464593073
"GCPU_baseline",0.25,0.540252404049628,-0.0242687003359263,-0.204621433823927,0.146244129691344
"GCPU_baseline",0.375,0.686718637422021,-0.0206144728119742,-0.202832770101442,0.151201813789246
"GCPU_baseline",0.5,0.833184870794414,-0.0189326969982514,-0.197147944800304,0.16475679886941
"GCPU_baseline",0.625,0.979651104166807,-0.0133979753962252,-0.200153559406737,0.178521873347676
"GCPU_baseline",0.75,1.1261173375392,-0.00802960880291873,-0.202711398408282,0.192124681181629
"GCPU_baseline",0.875,1.27258357091159,-0.00244267794322356,-0.209019549910489,0.208555106393029
"GCPU_baseline",1,1.41904980428399,0.00370460654422518,-0.217217900958227,0.236950266207838
"GCPU_baseline",1.125,1.56551603765638,0.00896349424904872,-0.225798170153885,0.258446034757074
"GCPU_baseline",1.25,1.71198227102877,0.0170001783586747,-0.228113250057431,0.281707091240529
"GCPU_baseline",1.375,1.85844850440117,0.0243367556496419,-0.238854335447072,0.303884355185097
"GCPU_baseline",1.5,2.00491473777356,0.0305600059969336,-0.244784567502172,0.329766646379011
"GCPU_baseline",1.625,2.15138097114595,0.0401421320925508,-0.252551154154465,0.357522302637729
"GCPU_baseline",1.75,2.29784720451835,0.0441486818974415,-0.263815454200123,0.377367998500879
"GCPU_baseline",1.875,2.44431343789074,0.0490769380434374,-0.269586349359531,0.398593397657493
"GCPU_baseline",2,2.59077967126313,0.0550351592090372,-0.27989983256285,0.417946050755961
"GCPU_baseline",2.125,2.73724590463553,0.061053086709069,-0.284945546466732,0.435769234868607
"GCPU_baseline",2.25,2.88371213800792,0.0648563112684081,-0.292660804973905,0.453192650013219
"GCPU_baseline",2.375,3.03017837138031,0.0708403615940009,-0.296861025345972,0.468432077784726
"GCPU_baseline",2.5,3.17664460475271,0.0744904888570237,-0.308942363266049,0.475268764898577
"l_t",-2.5,-2.26760217266904,-0.151273733964379,-0.462727385661956,0.168225178995652
"l_t",-2.375,-2.11780597618002,-0.150194782366877,-0.456700209351551,0.162403688909062
"l_t",-2.25,-1.96800977969099,-0.150515927586744,-0.447359669426,0.154390751461419
"l_t",-2.125,-1.81821358320196,-0.147871769972103,-0.431605136017903,0.146120352690202
"l_t",-2,-1.66841738671293,-0.145277658078638,-0.42278725609809,0.134046485341859
"l_t",-1.875,-1.51862119022391,-0.14354899895937,-0.413053434263883,0.121846362086653
"l_t",-1.75,-1.36882499373488,-0.138945037424711,-0.397250221201692,0.111380483329378
"l_t",-1.625,-1.21902879724585,-0.13577129936132,-0.390291517546371,0.100231123449461
"l_t",-1.5,-1.06923260075682,-0.133547588667857,-0.374396998442247,0.0903395537730557
"l_t",-1.375,-0.919436404267798,-0.128931423427629,-0.366140740436602,0.0825784090074064
"l_t",-1.25,-0.76964020777877,-0.124119338875318,-0.35017520525081,0.0810028383952492
"l_t",-1.125,-0.619844011289743,-0.119135536768322,-0.334158875273657,0.0783408874133508
"l_t",-1,-0.470047814800716,-0.112210978164866,-0.32129102868755,0.0809275408884992
"l_t",-0.875,-0.320251618311689,-0.103223395967939,-0.306091737472566,0.0837048628991226
"l_t",-0.75,-0.170455421822662,-0.0956128023175491,-0.294953383933097,0.0899985594502499
"l_t",-0.625,-0.0206592253336344,-0.0854953149583344,-0.281479735852031,0.0927322988065122
"l_t",-0.5,0.129136971155393,-0.0764320407556845,-0.265358216320366,0.101490718942686
"l_t",-0.375,0.27893316764442,-0.0631198086258524,-0.251099453695237,0.108352293302807
"l_t",-0.25,0.428729364133447,-0.0496003492755256,-0.233546630247103,0.117261728851116
"l_t",-0.125,0.578525560622474,-0.0360423238815118,-0.216159268099722,0.125334194996877
"l_t",0,0.728321757111502,-0.0181900372976134,-0.193875676927126,0.142046045834245
"l_t",0.125,0.878117953600529,-0.00298176545879165,-0.172768127421543,0.158912045591998
"l_t",0.25,1.02791415008956,0.0158386368749749,-0.155587262773773,0.178657638638036
"l_t",0.375,1.17771034657858,0.0295544851778735,-0.139816507542732,0.189728851530045
"l_t",0.5,1.32750654306761,0.0431979829568189,-0.123446597136501,0.210006703736148
"l_t",0.625,1.47730273955664,0.0568335178185204,-0.109007472428771,0.231897287350734
"l_t",0.75,1.62709893604566,0.0715974391211985,-0.0961721134912368,0.256061411055549
"l_t",0.875,1.77689513253469,0.0860461085061441,-0.087047987879869,0.277945666218245
"l_t",1,1.92669132902372,0.0970151440233896,-0.0857808079248331,0.305050380204261
"l_t",1.125,2.07648752551275,0.110945080701582,-0.0799311047260248,0.329400015444175
"l_t",1.25,2.22628372200177,0.121849671388768,-0.0801923099191512,0.353352858673448
"l_t",1.375,2.3760799184908,0.130624022438899,-0.0864595314202296,0.379878099437761
"l_t",1.5,2.52587611497983,0.140095977572347,-0.0923867867073581,0.402131296300117
"l_t",1.625,2.67567231146886,0.146648205037672,-0.100123425348156,0.426899059084925
"l_t",1.75,2.82546850795788,0.156106095243863,-0.106843409837135,0.451468242307271
"l_t",1.875,2.97526470444691,0.160854860680127,-0.115348353475192,0.474053369369687
"l_t",2,3.12506090093594,0.167748374052242,-0.125261380092904,0.492857489495493
"l_t",2.125,3.27485709742496,0.173892901932574,-0.133735157480795,0.506885049792795
"l_t",2.25,3.42465329391399,0.177374547245447,-0.143481620904374,0.526551051128201
"l_t",2.375,3.57444949040302,0.183832612411229,-0.145890395006408,0.541784865998372
"l_t",2.5,3.72424568689205,0.19033624262775,-0.149325574020425,0.556461169195094
"c_t",-2.5,-2.38598863706145,0.00844271096238677,-0.392399215221192,0.418692392664719
"c_t",-2.375,-2.26867965747291,0.00864386066548557,-0.38775259123391,0.405988441345239
"c_t",-2.25,-2.15137067788436,0.00883844273252651,-0.373331430833986,0.390585649036927
"c_t",-2.125,-2.03406169829582,0.00819736261802986,-0.362130730431053,0.373851027591467
"c_t",-2,-1.91675271870728,0.00742998142186527,-0.353275037354463,0.360741439877472
"c_t",-1.875,-1.79944373911874,0.00547430909023953,-0.341147117242168,0.348930648320808
"c_t",-1.75,-1.6821347595302,0.00599962218189791,-0.328284824669098,0.337732173537683
"c_t",-1.625,-1.56482577994166,0.00228030172638999,-0.314648677806758,0.316804393364359
"c_t",-1.5,-1.44751680035312,0.002397168323933,-0.303472570082287,0.299103822988229
"c_t",-1.375,-1.33020782076458,-8.17764157913722e-05,-0.289426501847904,0.2792758680179
"c_t",-1.25,-1.21289884117604,-0.00302679958933381,-0.272087951311622,0.256631324797111
"c_t",-1.125,-1.0955898615875,-0.00469344527363968,-0.258848944225758,0.245557762241636
"c_t",-1,-0.978280881998958,-0.00650147978477972,-0.25249540448762,0.230135453115745
"c_t",-0.875,-0.860971902410417,-0.0117936312953555,-0.239914153504583,0.209670595399989
"c_t",-0.75,-0.743662922821877,-0.0143033802582997,-0.226583984987108,0.194434849454242
"c_t",-0.625,-0.626353943233336,-0.0171577165121395,-0.215623989955691,0.179225258372299
"c_t",-0.5,-0.509044963644795,-0.0215663264469193,-0.209619571996858,0.171297865222045
"c_t",-0.375,-0.391735984056254,-0.023095731464505,-0.205165459962508,0.163991923951069
"c_t",-0.25,-0.274427004467714,-0.0234395062330088,-0.206970237606967,0.154787712186602
"c_t",-0.125,-0.157118024879173,-0.0216598562456742,-0.205109108234686,0.143745968151763
"c_t",0,-0.0398090452906324,-0.0216401905415945,-0.202471278842566,0.13806315675674
"c_t",0.125,0.0774999342979083,-0.0258740174639053,-0.196602140315184,0.136088303527808
"c_t",0.25,0.194808913886449,-0.0241050316097363,-0.196269285152294,0.139495457800852
"c_t",0.375,0.31211789347499,-0.0221285075674748,-0.195313319858234,0.147732447402936
"c_t",0.5,0.42942687306353,-0.0208321350924501,-0.203743120811599,0.162130773148627
"c_t",0.625,0.546735852652071,-0.0198408902358716,-0.214494842272076,0.181888553946984
"c_t",0.75,0.664044832240612,-0.0192793120229624,-0.221111848319514,0.195404422270321
"c_t",0.875,0.781353811829152,-0.0150235912343576,-0.22685714301772,0.221048096212788
"c_t",1,0.898662791417693,-0.0105291265710257,-0.236644295556157,0.239935848791247
"c_t",1.125,1.01597177100623,-0.00422164411502581,-0.248985554934831,0.254218551763676
"c_t",1.25,1.13328075059477,0.00137177845575578,-0.25628627621631,0.274139771236457
"c_t",1.375,1.25058973018332,0.00636606648192177,-0.265470958253294,0.298938785343447
"c_t",1.5,1.36789870977186,0.0121167085921306,-0.273261781459177,0.323134961577405
"c_t",1.625,1.4852076893604,0.014819655482584,-0.283431446831866,0.339024984544403
"c_t",1.75,1.60251666894894,0.0189843518146764,-0.290096910670898,0.358777542850598
"c_t",1.875,1.71982564853748,0.0234741995652701,-0.306491860615311,0.375196522476285
"c_t",2,1.83713462812602,0.0290714866829722,-0.320360822543688,0.390871029985933
"c_t",2.125,1.95444360771456,0.031412146303263,-0.326953726079424,0.405913961659389
"c_t",2.25,2.0717525873031,0.0367866561770202,-0.337632282193144,0.418225339083019
"c_t",2.375,2.18906156689164,0.039791940035959,-0.348903871135736,0.428978159073036
"c_t",2.5,2.30637054648018,0.0423192707544554,-0.357874659463754,0.446144598508611
"itraxx",-2.5,-2.3886578934087,0.557194019224535,0.178540688303791,0.918547842693649
"itraxx",-2.375,-2.26935959079514,0.550956391282359,0.179117560007206,0.903371043445227
"itraxx",-2.25,-2.15006128818158,0.544415550605124,0.174116257084486,0.891006907834535
"itraxx",-2.125,-2.03076298556802,0.535079406004497,0.173533300702275,0.876899461143447
"itraxx",-2,-1.91146468295446,0.524125838135605,0.169391135635366,0.858443392938461
"itraxx",-1.875,-1.7921663803409,0.511536240518494,0.16971222283245,0.840282895273762
"itraxx",-1.75,-1.67286807772734,0.498840425761142,0.169816946591649,0.825395183161475
"itraxx",-1.625,-1.55356977511378,0.483707552702773,0.167438370337727,0.806901977275099
"itraxx",-1.5,-1.43427147250022,0.466740257638041,0.16540464792061,0.782440800353447
"itraxx",-1.375,-1.31497316988666,0.447875755509088,0.152145381312434,0.752854555697685
"itraxx",-1.25,-1.1956748672731,0.423513733113448,0.137213507413046,0.717774241885131
"itraxx",-1.125,-1.07637656465953,0.397168961079242,0.127276292862522,0.687618252393776
"itraxx",-1,-0.957078262045974,0.363641414547922,0.107630512235167,0.64756699168893
"itraxx",-0.875,-0.837779959432414,0.32908797947838,0.0767891521129157,0.600443892401955
"itraxx",-0.75,-0.718481656818853,0.291660480470822,0.0424502771390146,0.566659209895323
"itraxx",-0.625,-0.599183354205293,0.250504373158696,0.0032502677356621,0.518549561095427
"itraxx",-0.5,-0.479885051591733,0.202282667960442,-0.0476377168368839,0.468252160128161
"itraxx",-0.375,-0.360586748978172,0.147872253948607,-0.104370185726059,0.411341788341755
"itraxx",-0.25,-0.241288446364612,0.0912966350055691,-0.163134396209828,0.353882559167415
"itraxx",-0.125,-0.121990143751051,0.032004275027677,-0.220171173307199,0.292549206348588
"itraxx",0,-0.00269184113749095,-0.0293692989813939,-0.275607453667713,0.229402282907329
"itraxx",0.125,0.116606461476069,-0.0887986647898437,-0.335072690330339,0.166878585590911
"itraxx",0.25,0.23590476408963,-0.146233979770994,-0.398406239104164,0.104980124255324
"itraxx",0.375,0.35520306670319,-0.201369985318877,-0.451381990462517,0.0466101692585867
"itraxx",0.5,0.474501369316751,-0.247962994327686,-0.506017591509948,-0.00770902499641765
"itraxx",0.625,0.593799671930311,-0.288009657359593,-0.545228613515023,-0.0476221419736496
"itraxx",0.75,0.713097974543871,-0.327266988880698,-0.583571177833179,-0.0795905598947159
"itraxx",0.875,0.832396277157432,-0.358966836701471,-0.619385127945748,-0.101338853616177
"itraxx",1,0.951694579770992,-0.384516683448,-0.651254846732193,-0.126571944843358
"itraxx",1.125,1.07099288238455,-0.407175348483666,-0.679541648213104,-0.135820921901353
"itraxx",1.25,1.19029118499811,-0.426398037959232,-0.705740887109559,-0.148216834032175
"itraxx",1.375,1.30958948761167,-0.44011250429631,-0.729771592802935,-0.159104350229753
"itraxx",1.5,1.42888779022523,-0.451908647172691,-0.749824935150984,-0.161353026068532
"itraxx",1.625,1.54818609283879,-0.462317927012165,-0.767502709968723,-0.159349403155126
"itraxx",1.75,1.66748439545235,-0.46925224696544,-0.78450504737893,-0.160275811107921
"itraxx",1.875,1.78678269806592,-0.478061662639708,-0.792217342055866,-0.16092941889621
"itraxx",2,1.90608100067948,-0.485189024309805,-0.804710308886149,-0.162227525587799
"itraxx",2.125,2.02537930329304,-0.491117845948891,-0.818437727266903,-0.160281109458954
"itraxx",2.25,2.1446776059066,-0.492918546483372,-0.829157744975761,-0.154226432585297
"itraxx",2.375,2.26397590852016,-0.495671383359495,-0.836234005176883,-0.153222388788703
"itraxx",2.5,2.38327421113372,-0.498637382958372,-0.841610568676095,-0.148023542205825
"Term_Spread",-2.5,-5.31340788716405,0.0378918898025583,-0.266203202764414,0.367672617767938
"Term_Spread",-2.375,-5.07860399427065,0.0360741415123367,-0.255252967514664,0.35942121354625
"Term_Spread",-2.25,-4.84380010137724,0.0346782417080136,-0.247638631934814,0.345346094960952
"Term_Spread",-2.125,-4.60899620848384,0.0340124783586257,-0.242646693717401,0.332710035201834
"Term_Spread",-2,-4.37419231559043,0.0315857168883354,-0.233175201717229,0.314743309106686
"Term_Spread",-1.875,-4.13938842269702,0.0294061140297294,-0.222370474109933,0.301065759030959
"Term_Spread",-1.75,-3.90458452980362,0.0283209851207873,-0.211249341689169,0.28943410397416
"Term_Spread",-1.625,-3.66978063691021,0.0260661700843366,-0.198889593922149,0.27246375471141
"Term_Spread",-1.5,-3.43497674401681,0.0248774203322978,-0.192248401413912,0.25843484263716
"Term_Spread",-1.375,-3.2001728511234,0.0241663984650496,-0.182720776484331,0.244609777601055
"Term_Spread",-1.25,-2.96536895822999,0.0232306855806636,-0.174625791944328,0.231021972953536
"Term_Spread",-1.125,-2.73056506533659,0.0229508202167223,-0.166094733565816,0.221014767188159
"Term_Spread",-1,-2.49576117244318,0.0201630396560224,-0.162251166349415,0.204475675316431
"Term_Spread",-0.875,-2.26095727954977,0.0181154706425114,-0.159725253768114,0.19682499986828
"Term_Spread",-0.75,-2.02615338665637,0.0145255010136644,-0.158317187957161,0.189854393093282
"Term_Spread",-0.625,-1.79134949376296,0.0103771262207316,-0.158958654279494,0.182033888383241
"Term_Spread",-0.5,-1.55654560086956,0.00813118939574394,-0.159542317378919,0.182717776023175
"Term_Spread",-0.375,-1.32174170797615,0.00354899572017582,-0.166700820045471,0.180446359425375
"Term_Spread",-0.25,-1.08693781508274,-0.00171437749453616,-0.176056356545709,0.178083471277812
"Term_Spread",-0.125,-0.852133922189338,-0.00789218546666482,-0.183613524767765,0.178664288990449
"Term_Spread",0,-0.617330029295932,-0.0132532961349116,-0.190759922783813,0.179746383675859
"Term_Spread",0.125,-0.382526136402525,-0.0183016954249779,-0.194395566655883,0.173952760162033
"Term_Spread",0.25,-0.147722243509119,-0.0244516686910126,-0.20061871876102,0.167110370452154
"Term_Spread",0.375,0.0870816493842869,-0.0273979191158597,-0.204772116392279,0.159066491696043
"Term_Spread",0.5,0.321885542277693,-0.0308075732621887,-0.205672930996457,0.156933173952254
"Term_Spread",0.625,0.556689435171099,-0.0331812697017924,-0.207889859823423,0.156461118887515
"Term_Spread",0.75,0.791493328064505,-0.0350659452716715,-0.205296554852818,0.156699825507634
"Term_Spread",0.875,1.02629722095791,-0.0335565409433587,-0.209929867473516,0.155309668695727
"Term_Spread",1,1.26110111385132,-0.0343759419326248,-0.216013337741476,0.162478823453116
"Term_Spread",1.125,1.49590500674472,-0.0320749959639309,-0.229919815399416,0.174971130939367
"Term_Spread",1.25,1.73070889963813,-0.0296696468991997,-0.240522857253822,0.187379516542711
"Term_Spread",1.375,1.96551279253154,-0.0274482231000608,-0.256741431968526,0.197278384625118
"Term_Spread",1.5,2.20031668542494,-0.0264261203196496,-0.269815060425456,0.22149633376758
"Term_Spread",1.625,2.43512057831835,-0.0260123441875801,-0.286607589000542,0.237843897303017
"Term_Spread",1.75,2.66992447121175,-0.0250463219832043,-0.30499430551966,0.262345588503133
"Term_Spread",1.875,2.90472836410516,-0.0221725468915696,-0.315998230449511,0.278056360731936
"Term_Spread",2,3.13953225699857,-0.0205090108898649,-0.328249580978976,0.29680093093495
"Term_Spread",2.125,3.37433614989197,-0.0183728711136511,-0.344417431817968,0.310874336902137
"Term_Spread",2.25,3.60914004278538,-0.0164362063898391,-0.355511896978225,0.325299285912953
"Term_Spread",2.375,3.84394393567879,-0.0120797303988084,-0.367733823153976,0.344514528977686
"Term_Spread",2.5,4.07874782857219,-0.00993261505959635,-0.374986244298766,0.358122337401436
"Brent_return",-2.5,-2.1942190614637,0.302118143982991,-0.0992331280035172,0.720039327616648
"Brent_return",-2.375,-2.0850534693618,0.296173941614673,-0.0981511687523963,0.710059163725281
"Brent_return",-2.25,-1.97588787725989,0.289552359715975,-0.0989792189027944,0.697340293829756
"Brent_return",-2.125,-1.86672228515799,0.283933625079999,-0.0966656595152444,0.677942912734862
"Brent_return",-2,-1.75755669305608,0.278586033273551,-0.0955094213210262,0.664599993082782
"Brent_return",-1.875,-1.64839110095418,0.272162485038688,-0.0907832959872928,0.6455030323295
"Brent_return",-1.75,-1.53922550885227,0.266110518362085,-0.0854188495421445,0.624252444729311
"Brent_return",-1.625,-1.43005991675037,0.254678285161955,-0.0807244801920566,0.604061677164192
"Brent_return",-1.5,-1.32089432464846,0.242240461378869,-0.0791078233014182,0.578843042671332
"Brent_return",-1.375,-1.21172873254656,0.228396161008408,-0.0744535326524944,0.55642002414226
"Brent_return",-1.25,-1.10256314044465,0.212393699359565,-0.0773370499741677,0.536307749170114
"Brent_return",-1.125,-0.993397548342746,0.197698200576852,-0.0797488778577631,0.512082779097707
"Brent_return",-1,-0.88423195624084,0.182151890933022,-0.0907344044456401,0.48294010989043
"Brent_return",-0.875,-0.775066364138935,0.162772770739296,-0.0936712625274347,0.448835211344052
"Brent_return",-0.75,-0.665900772037029,0.141194624367837,-0.102529895474833,0.417059991249449
"Brent_return",-0.625,-0.556735179935124,0.118709141335508,-0.114994996493029,0.378100331695034
"Brent_return",-0.5,-0.447569587833219,0.0916581950842773,-0.131576402409538,0.33956878040554
"Brent_return",-0.375,-0.338403995731313,0.0652899352383644,-0.149115078144497,0.295508881390386
"Brent_return",-0.25,-0.229238403629408,0.036435388820337,-0.177886458544037,0.256773528308073
"Brent_return",-0.125,-0.120072811527502,0.00813774168882053,-0.199600216407566,0.219846151970398
"Brent_return",0,-0.010907219425597,-0.020006438342214,-0.226969495246247,0.182111743510059
"Brent_return",0.125,0.0982583726763084,-0.0482168402871676,-0.258990086587992,0.150359636749157
"Brent_return",0.25,0.207423964778214,-0.0770204998286649,-0.29605190067585,0.128633049120828
"Brent_return",0.375,0.316589556880119,-0.102023144162088,-0.335807973903515,0.104468218127843
"Brent_return",0.5,0.425755148982025,-0.126512582199572,-0.360111081871583,0.0928417378274409
"Brent_return",0.625,0.53492074108393,-0.146812669555837,-0.390377747429705,0.0814794557146996
"Brent_return",0.75,0.644086333185835,-0.165933303833652,-0.424364061429821,0.0735929512012356
"Brent_return",0.875,0.753251925287741,-0.182527128120548,-0.456659088346117,0.0762544668179437
"Brent_return",1,0.862417517389646,-0.196732865693697,-0.485585604622115,0.0774762174660706
"Brent_return",1.125,0.971583109491551,-0.207967455986462,-0.513263745096394,0.0799890553916641
"Brent_return",1.25,1.08074870159346,-0.219382096220332,-0.538222528427001,0.08052430526122
"Brent_return",1.375,1.18991429369536,-0.230923247180587,-0.562858055344042,0.0919995233046754
"Brent_return",1.5,1.29907988579727,-0.235785469844107,-0.585610483421499,0.10224894646987
"Brent_return",1.625,1.40824547789917,-0.243112803610025,-0.604689198444939,0.108795835165393
"Brent_return",1.75,1.51741107000108,-0.245459330465778,-0.629082762915603,0.122544042370828
"Brent_return",1.875,1.62657666210298,-0.249491736686644,-0.640989687986082,0.138397055012088
"Brent_return",2,1.73574225420489,-0.257289583576169,-0.657212145026821,0.144519397797845
"Brent_return",2.125,1.84490784630679,-0.261082925898972,-0.671928596780671,0.158759952308188
"Brent_return",2.25,1.9540734384087,-0.26285335167768,-0.679904262026699,0.166740598513768
"Brent_return",2.375,2.06323903051061,-0.2658727536921,-0.691034641785175,0.174183385700517
"Brent_return",2.5,2.17240462261251,-0.26818265023789,-0.701464737479891,0.186390717105904
"TTF_return",-2.5,-3.18285011949069,0.0594004628722959,-0.30458042514328,0.452212403078691
"TTF_return",-2.375,-3.02799328066186,0.0581480482693034,-0.299242767469566,0.436903328253496
"TTF_return",-2.25,-2.87313644183302,0.0559217015454357,-0.293940497557303,0.423844905337948
"TTF_return",-2.125,-2.71827960300419,0.0545441082338733,-0.291344060819661,0.409027670338011
"TTF_return",-2,-2.56342276417536,0.0531814156391544,-0.282070837814883,0.399076490046964
"TTF_return",-1.875,-2.40856592534652,0.0506084428065743,-0.274375686702361,0.383602842055074
"TTF_return",-1.75,-2.25370908651769,0.0470805623662351,-0.265950455359633,0.368663197132273
"TTF_return",-1.625,-2.09885224768886,0.0423657057327905,-0.258765668374712,0.355975313660743
"TTF_return",-1.5,-1.94399540886002,0.0396303818826347,-0.252508484504753,0.338436650254238
"TTF_return",-1.375,-1.78913857003119,0.0380604643555991,-0.244318874201434,0.319326277584503
"TTF_return",-1.25,-1.63428173120235,0.0332017314557499,-0.23847193855205,0.306325215507772
"TTF_return",-1.125,-1.47942489237352,0.0273385635101303,-0.228116640796158,0.287778960838658
"TTF_return",-1,-1.32456805354469,0.0228427734784131,-0.217621522488351,0.269253345577425
"TTF_return",-0.875,-1.16971121471585,0.0181302964480779,-0.216496723671089,0.253258436821191
"TTF_return",-0.75,-1.01485437588702,0.00988780166878128,-0.210857797985773,0.227322643493948
"TTF_return",-0.625,-0.859997537058186,0.00311328007868915,-0.20737462759564,0.211493510736203
"TTF_return",-0.5,-0.705140698229352,-0.00102606439661543,-0.199253972939682,0.192254520022554
"TTF_return",-0.375,-0.550283859400518,-0.00385955569359506,-0.195804842620094,0.175941194135563
"TTF_return",-0.25,-0.395427020571685,-0.00905206175135738,-0.194824069496175,0.162887236997349
"TTF_return",-0.125,-0.240570181742851,-0.0164899301744891,-0.192095474359055,0.154951621697219
"TTF_return",0,-0.0857133429140173,-0.0201779294527414,-0.194526020339348,0.14828957349771
"TTF_return",0.125,0.0691434959148164,-0.023811398970961,-0.202264905804478,0.148530413911545
"TTF_return",0.25,0.22400033474365,-0.026853656403055,-0.21319863702569,0.156289026358757
"TTF_return",0.375,0.378857173572484,-0.0275423923431759,-0.224917036419202,0.157582246704511
"TTF_return",0.5,0.533714012401317,-0.0307557676826887,-0.235103784961732,0.157809600187657
"TTF_return",0.625,0.688570851230151,-0.0303802667872499,-0.241723963334796,0.161750733904265
"TTF_return",0.75,0.843427690058985,-0.0341907232398635,-0.249099156349279,0.176080886186267
"TTF_return",0.875,0.998284528887819,-0.0330344716025917,-0.259529054411999,0.188959605202835
"TTF_return",1,1.15314136771665,-0.0338983662521696,-0.271449926900596,0.201797993161345
"TTF_return",1.125,1.30799820654549,-0.0339598551365987,-0.281476445612588,0.220195123293003
"TTF_return",1.25,1.46285504537432,-0.0335723088808295,-0.296787045682927,0.234167688001957
"TTF_return",1.375,1.61771188420315,-0.0332361594761138,-0.309839426614621,0.25526209695244
"TTF_return",1.5,1.77256872303199,-0.0315100676142493,-0.324349344904924,0.276782368531637
"TTF_return",1.625,1.92742556186082,-0.031497193619771,-0.335597615214264,0.29266804652665
"TTF_return",1.75,2.08228240068965,-0.029532827375378,-0.345651599401598,0.313056264031882
"TTF_return",1.875,2.23713923951849,-0.0296739630975002,-0.362666958955104,0.327002084364109
"TTF_return",2,2.39199607834732,-0.0292763847164413,-0.382553074409901,0.338423094745932
"TTF_return",2.125,2.54685291717616,-0.0286681557666072,-0.393523738907602,0.354966093165029
"TTF_return",2.25,2.70170975600499,-0.0271884185632084,-0.403465892641637,0.368275865012762
"TTF_return",2.375,2.85656659483382,-0.0286040394448648,-0.408680098712766,0.376594271533023
"TTF_return",2.5,3.01142343366266,-0.0262646912967305,-0.421644021211732,0.38722063279307
"VSTOXX",-2.5,-2.29181702498411,-0.255841527897562,-0.653570541551077,0.103046438316908
"VSTOXX",-2.375,-2.17526345805501,-0.254499063119905,-0.639051156482898,0.0970022962886765
"VSTOXX",-2.25,-2.05870989112592,-0.25314215411143,-0.621330037893804,0.0854385617331072
"VSTOXX",-2.125,-1.94215632419683,-0.25036983178365,-0.607461506684474,0.0741169958384025
"VSTOXX",-2,-1.82560275726773,-0.249010095359357,-0.590356594738202,0.0646474734593798
"VSTOXX",-1.875,-1.70904919033864,-0.244679170112298,-0.57800540601681,0.0614225435449347
"VSTOXX",-1.75,-1.59249562340955,-0.238950155386197,-0.561309055384502,0.0547262856619037
"VSTOXX",-1.625,-1.47594205648046,-0.232757349517556,-0.547367190836262,0.0427931345402555
"VSTOXX",-1.5,-1.35938848955136,-0.228307784170628,-0.522682382731194,0.032093607888557
"VSTOXX",-1.375,-1.24283492262227,-0.221124773171222,-0.5017153485975,0.0215464197087472
"VSTOXX",-1.25,-1.12628135569318,-0.213544763214503,-0.485698110382957,0.0154941076769205
"VSTOXX",-1.125,-1.00972778876408,-0.203980324544376,-0.462154882177583,0.00798046500237218
"VSTOXX",-1,-0.893174221834991,-0.193606900256809,-0.435560672699012,0.00866732930401828
"VSTOXX",-0.875,-0.776620654905898,-0.180792954195467,-0.414820076093091,0.0107352948360901
"VSTOXX",-0.75,-0.660067087976806,-0.164857972999624,-0.388520136742525,0.0202134704223007
"VSTOXX",-0.625,-0.543513521047713,-0.149091908470183,-0.362654941022038,0.0312788262652587
"VSTOXX",-0.5,-0.42695995411862,-0.130262480421753,-0.339884830876849,0.0505588065443025
"VSTOXX",-0.375,-0.310406387189527,-0.106426949601135,-0.317162537071163,0.0729646137208068
"VSTOXX",-0.25,-0.193852820260434,-0.0836952879192878,-0.283728656633493,0.0975819119972631
"VSTOXX",-0.125,-0.0772992533313415,-0.0592654849100689,-0.253845086889554,0.126484807821413
"VSTOXX",0,0.0392543135977513,-0.0313647958404312,-0.224960880931579,0.168848913575587
"VSTOXX",0.125,0.155807880526844,-0.00359634894639696,-0.189463574181495,0.205646098247935
"VSTOXX",0.25,0.272361447455937,0.0274211658834548,-0.161231269003341,0.241961676134954
"VSTOXX",0.375,0.38891501438503,0.0583236075362656,-0.130897809652107,0.270888733582819
"VSTOXX",0.5,0.505468581314123,0.0885004403030328,-0.103788691098279,0.304313927896269
"VSTOXX",0.625,0.622022148243215,0.117064626863158,-0.082467389107803,0.342845615887911
"VSTOXX",0.75,0.738575715172308,0.142162355656587,-0.061217058126332,0.378748546445987
"VSTOXX",0.875,0.855129282101401,0.163972547767507,-0.0428789818002784,0.417167903527996
"VSTOXX",1,0.971682849030494,0.183652772474403,-0.0294277524676643,0.443764698472377
"VSTOXX",1.125,1.08823641595959,0.202153001577867,-0.0170557895595772,0.468159378432585
"VSTOXX",1.25,1.20478998288868,0.2189171619512,-0.0142297053401162,0.501612090969101
"VSTOXX",1.375,1.32134354981777,0.231820282294543,-0.0140003796472642,0.525470471421991
"VSTOXX",1.5,1.43789711674687,0.244077826101334,-0.0163593990574485,0.549092274467383
"VSTOXX",1.625,1.55445068367596,0.255022920335538,-0.0208430476005171,0.572138940626994
"VSTOXX",1.75,1.67100425060505,0.262981465472033,-0.0217720973458865,0.595929305459394
"VSTOXX",1.875,1.78755781753414,0.271629835969344,-0.0251983745111686,0.614233919140878
"VSTOXX",2,1.90411138446324,0.276000350720936,-0.0245152399470919,0.633590440214538
"VSTOXX",2.125,2.02066495139233,0.283385793298931,-0.0295524253024751,0.658004778369811
"VSTOXX",2.25,2.13721851832142,0.288141648452993,-0.0355025682992069,0.67223560169341
"VSTOXX",2.375,2.25377208525051,0.293984080035905,-0.0380483098507364,0.688527083250448
"VSTOXX",2.5,2.37032565217961,0.29690210500845,-0.0411948304065295,0.699555759097334
"COVID_dummy",-2.5,-0.70537658666829,-0.369080874836873,-0.751897751246546,-0.0505318009730631
"COVID_dummy",-2.375,-0.663782456130056,-0.367010416871021,-0.738600303864012,-0.0600800732211086
"COVID_dummy",-2.25,-0.622188325591822,-0.362027468369143,-0.725285282320423,-0.0638839170958754
"COVID_dummy",-2.125,-0.580594195053589,-0.353391826636798,-0.70664633344419,-0.0704231920069533
"COVID_dummy",-2,-0.539000064515355,-0.347494232959721,-0.692592427449201,-0.0722278475779464
"COVID_dummy",-1.875,-0.497405933977121,-0.343475979986058,-0.676955065528944,-0.0731762519011113
"COVID_dummy",-1.75,-0.455811803438887,-0.334677220873199,-0.65396178648596,-0.0801463193925976
"COVID_dummy",-1.625,-0.414217672900653,-0.326955368153908,-0.636659966313535,-0.0875340317409388
"COVID_dummy",-1.5,-0.37262354236242,-0.3186760694267,-0.617470864609128,-0.0914939692166678
"COVID_dummy",-1.375,-0.331029411824186,-0.307560621300405,-0.594407008379812,-0.0931815486105506
"COVID_dummy",-1.25,-0.289435281285952,-0.294467550515293,-0.56714757951148,-0.0895426506264012
"COVID_dummy",-1.125,-0.247841150747718,-0.283689710769269,-0.53892599214291,-0.0820446751443152
"COVID_dummy",-1,-0.206247020209485,-0.26864469809172,-0.508067949221979,-0.0777127114792528
"COVID_dummy",-0.875,-0.164652889671251,-0.251534809874548,-0.480408482898623,-0.0704483034356281
"COVID_dummy",-0.75,-0.123058759133017,-0.231041950948156,-0.454733753259567,-0.0558775794817574
"COVID_dummy",-0.625,-0.0814646285947833,-0.212321968499318,-0.429910094582146,-0.0358501759292985
"COVID_dummy",-0.5,-0.0398704980565495,-0.185519606396845,-0.39593127359392,-0.00643647147633044
"COVID_dummy",-0.375,0.00172363248168422,-0.156152955888946,-0.354352133400284,0.0297502105243832
"COVID_dummy",-0.25,0.043317763019918,-0.126042770815525,-0.314107228727966,0.0675364265100064
"COVID_dummy",-0.125,0.0849118935581518,-0.0915755058316455,-0.280416214340429,0.114989786207976
"COVID_dummy",0,0.126506024096386,-0.0518018299011563,-0.248192499676093,0.165994102980436
"COVID_dummy",0.125,0.168100154634619,-0.00798854544527355,-0.219269369961104,0.223864129892506
"COVID_dummy",0.25,0.209694285172853,0.0340548765011904,-0.186034934469572,0.279725715351071
"COVID_dummy",0.375,0.251288415711087,0.0797555672738759,-0.15154997604657,0.332671026112462
"COVID_dummy",0.5,0.292882546249321,0.121994048328652,-0.113572368636006,0.377763591941439
"COVID_dummy",0.625,0.334476676787554,0.163765363386079,-0.0725171058439254,0.430482538713521
"COVID_dummy",0.75,0.376070807325788,0.202250725150636,-0.0375890537968023,0.46539163043537
"COVID_dummy",0.875,0.417664937864022,0.234937784707301,-0.00425135035899418,0.503836803636131
"COVID_dummy",1,0.459259068402256,0.262800664425732,0.034727732808786,0.538937278746644
"COVID_dummy",1.125,0.50085319894049,0.289490393019484,0.0640431516080371,0.568500826980187
"COVID_dummy",1.25,0.542447329478723,0.316083700731845,0.0906186624552278,0.584958771156247
"COVID_dummy",1.375,0.584041460016957,0.335829162276115,0.107375649827448,0.608262137982308
"COVID_dummy",1.5,0.625635590555191,0.353965421396738,0.122109690789024,0.631918198644348
"COVID_dummy",1.625,0.667229721093425,0.367969574427898,0.139913749941239,0.649557905871636
"COVID_dummy",1.75,0.708823851631658,0.381191990829318,0.149955648316435,0.669585049019149
"COVID_dummy",1.875,0.750417982169892,0.394505359267072,0.161292133886877,0.688722790100611
"COVID_dummy",2,0.792012112708126,0.4060737452689,0.166758663338707,0.710244067183413
"COVID_dummy",2.125,0.83360624324636,0.415264956303419,0.16764229559537,0.728032527309685
"COVID_dummy",2.25,0.875200373784593,0.423708016619512,0.167517175230533,0.742775508745924
"COVID_dummy",2.375,0.916794504322827,0.430630395343541,0.166423289136756,0.757369017555837
"COVID_dummy",2.5,0.958388634861061,0.437124615845196,0.164300802478161,0.772381214430411
"Energy_crisis_dummy",-2.5,-0.808377709361036,-0.0528177908634489,-0.420032603151123,0.273477459727507
"Energy_crisis_dummy",-2.375,-0.757517056824712,-0.0523906528162821,-0.410689665222099,0.261793952202199
"Energy_crisis_dummy",-2.25,-0.706656404288387,-0.0522457751038639,-0.404588531689776,0.2499698867359
"Energy_crisis_dummy",-2.125,-0.655795751752062,-0.0509130320009746,-0.39683555915092,0.242315390736864
"Energy_crisis_dummy",-2,-0.604935099215737,-0.0521424337963585,-0.382849361572179,0.228230885212973
"Energy_crisis_dummy",-1.875,-0.554074446679412,-0.0523342786969581,-0.361326965684182,0.216570690096685
"Energy_crisis_dummy",-1.75,-0.503213794143087,-0.0540561080249008,-0.344709058792442,0.200416343663854
"Energy_crisis_dummy",-1.625,-0.452353141606762,-0.0534354149117233,-0.32841774745229,0.189211020749436
"Energy_crisis_dummy",-1.5,-0.401492489070437,-0.0511377293399891,-0.315821251092216,0.177556749028391
"Energy_crisis_dummy",-1.375,-0.350631836534112,-0.0481827772912718,-0.294515995765507,0.161220740509933
"Energy_crisis_dummy",-1.25,-0.299771183997787,-0.0456782146803909,-0.267829941255383,0.152473666833328
"Energy_crisis_dummy",-1.125,-0.248910531461462,-0.0430854913405161,-0.251779408213397,0.145614204088035
"Energy_crisis_dummy",-1,-0.198049878925137,-0.0431975894543943,-0.237795843782953,0.13442233064981
"Energy_crisis_dummy",-0.875,-0.147189226388813,-0.0413009195606604,-0.22180562464129,0.133286675137863
"Energy_crisis_dummy",-0.75,-0.0963285738524877,-0.0366172887454582,-0.208538190244866,0.130341277091683
"Energy_crisis_dummy",-0.625,-0.0454679213161627,-0.0328955312762946,-0.199035845520261,0.130868726000853
"Energy_crisis_dummy",-0.5,0.00539273122016218,-0.0312628949621902,-0.196874126070356,0.132675619403604
"Energy_crisis_dummy",-0.375,0.0562533837564871,-0.025078008094191,-0.196635742305963,0.139127337535431
"Energy_crisis_dummy",-0.25,0.107114036292812,-0.0201085345303569,-0.193992475496384,0.153456780785551
"Energy_crisis_dummy",-0.125,0.157974688829137,-0.0141116338015678,-0.184821912103949,0.162411370095006
"Energy_crisis_dummy",0,0.208835341365462,-0.0082412412584038,-0.184951515984338,0.170669300707271
"Energy_crisis_dummy",0.125,0.259695993901787,-0.00353521994814834,-0.187334041848529,0.181230183217671
"Energy_crisis_dummy",0.25,0.310556646438112,0.00210579462696188,-0.185598378859983,0.192295479558925
"Energy_crisis_dummy",0.375,0.361417298974437,0.00748470599848267,-0.18417671368405,0.196217913760541
"Energy_crisis_dummy",0.5,0.412277951510762,0.0131879814171004,-0.179275985195841,0.204538289631729
"Energy_crisis_dummy",0.625,0.463138604047086,0.01747710744924,-0.175609362901728,0.207407804211424
"Energy_crisis_dummy",0.75,0.513999256583411,0.0221989279933295,-0.164797332210164,0.213698539633467
"Energy_crisis_dummy",0.875,0.564859909119736,0.0266551058757574,-0.163591324738294,0.222120748584632
"Energy_crisis_dummy",1,0.615720561656061,0.032256566571241,-0.160295340923498,0.227264869527938
"Energy_crisis_dummy",1.125,0.666581214192386,0.0366497937626052,-0.158244722009923,0.239785741768178
"Energy_crisis_dummy",1.25,0.717441866728711,0.0416232169875745,-0.154529622372777,0.255381986647011
"Energy_crisis_dummy",1.375,0.768302519265036,0.0492809238458554,-0.159133472318292,0.266311101739558
"Energy_crisis_dummy",1.5,0.819163171801361,0.0539946358457554,-0.165792626633038,0.285792260208091
"Energy_crisis_dummy",1.625,0.870023824337686,0.0593987446272405,-0.17458389145745,0.310404780894592
"Energy_crisis_dummy",1.75,0.920884476874011,0.0626951346772942,-0.184074495348214,0.327018425007147
"Energy_crisis_dummy",1.875,0.971745129410336,0.0668189153600031,-0.190994769194191,0.345722494120168
"Energy_crisis_dummy",2,1.02260578194666,0.0732006864724447,-0.201755719786535,0.362214633821554
"Energy_crisis_dummy",2.125,1.07346643448299,0.0781356385723534,-0.208897016714536,0.379887128617513
"Energy_crisis_dummy",2.25,1.12432708701931,0.0831502601718926,-0.215104822286464,0.394190979150503
"Energy_crisis_dummy",2.375,1.17518773955564,0.0842962327568873,-0.221106036018458,0.408416568380449
"Energy_crisis_dummy",2.5,1.22604839209196,0.08612496126589,-0.231318542014036,0.424482830181992
