"date","sGARCH","gjrGARCH","eGARCH","harRV","linearSV","regimeSwitchingSV","nonlinearSV","buyAndHold"
2023-01-04,NA,NA,NA,NA,NA,NA,NA,NA
2023-01-11,NA,NA,NA,NA,NA,NA,NA,NA
2023-01-18,NA,NA,NA,NA,NA,NA,NA,NA
2023-01-25,NA,NA,NA,NA,NA,NA,NA,NA
2023-02-01,NA,NA,NA,NA,NA,NA,NA,NA
2023-02-08,NA,NA,NA,NA,NA,NA,NA,NA
2023-02-15,NA,NA,NA,NA,NA,NA,NA,NA
2023-02-22,NA,NA,NA,NA,NA,NA,NA,NA
2023-03-01,NA,NA,NA,NA,NA,NA,NA,NA
2023-03-08,NA,NA,NA,NA,NA,NA,NA,NA
2023-03-15,NA,NA,NA,NA,NA,NA,NA,NA
2023-03-22,NA,NA,NA,NA,NA,NA,NA,NA
2023-03-29,0.147558005220288,0.14380766273063,0.150815900140604,0.136299643139257,0.129133511712711,0.125062757854405,0.124999991601366,0.170200814883916
2023-04-05,0.145896937923586,0.142049465571314,0.148556255544846,0.133438559796488,0.127374663573157,0.123654576428356,0.122990112035962,0.16670342888788
2023-04-12,0.139554471871131,0.134771330588349,0.133194748113998,0.121568284898288,0.116041962536009,0.112960936951377,0.11276002754851,0.151395049244135
2023-04-19,0.140879809630202,0.133341617255797,0.129848201031749,0.119996825152201,0.114157920979275,0.111452089962142,0.110698612195889,0.148865851376801
2023-04-26,0.158949588960521,0.142451134411244,0.141359184239165,0.131401864020137,0.133582229451991,0.134784943003219,0.12450762310747,0.166151806025604
2023-05-03,0.159264196943982,0.143303657865232,0.146845678459613,0.13256098993505,0.134387834067915,0.135476481210791,0.125753808602578,0.170030484560741
2023-05-10,0.165675298526861,0.150546031511265,0.161177964870882,0.141916276965923,0.141366186847662,0.142232138790949,0.132533326020378,0.183997188914608
2023-05-17,0.173265754873828,0.158599765497142,0.172032973383717,0.154312244855921,0.149648309094439,0.149844898900117,0.139937872186156,0.198493927716356
2023-05-24,0.169200622369417,0.154674885145804,0.167355337164444,0.150219911140589,0.146086778651304,0.146465168356743,0.135919594518692,0.193448098056246
2023-05-31,0.168194189076606,0.153565075822604,0.166182887332254,0.149030305531409,0.145043734951583,0.145329509475247,0.134631045297976,0.19135081577409
2023-06-07,0.171742204313612,0.156396888249504,0.170331097975285,0.152246835103679,0.148592083327363,0.149373060945569,0.136198662785846,0.195735288199813
2023-06-14,0.158276039321834,0.143883031344073,0.156765603426169,0.13486217747006,0.134963387688831,0.13614276123985,0.123824089465768,0.176466760426416
2023-06-21,0.184011701809794,0.165865697330654,0.170826173057448,0.149533556399764,0.147253884483593,0.147146826627492,0.132757338456723,0.187154165250415
2023-06-28,0.183861289353689,0.165710151919201,0.170809763319071,0.149524447427948,0.14716761515811,0.147046096821726,0.132675953463607,0.18713608872597
2023-07-05,0.185489444965237,0.167262786249683,0.172699315899059,0.151335535140172,0.148910167491312,0.148668361172692,0.13425255321876,0.189073076635061
2023-07-12,0.1799229117872,0.162568372314333,0.168916638625553,0.147879596472364,0.144829841634427,0.144851718995382,0.130462691234967,0.184243712054793
2023-07-19,0.183325429683154,0.168154871260399,0.173489521232617,0.151766593316665,0.150546642325723,0.150047865214006,0.13524982927493,0.18815872174685
2023-07-26,0.144484601064857,0.134635834363383,0.144488666339163,0.127174587644483,0.117876975100983,0.114188552620394,0.10473879659446,0.15623737252178
2023-08-02,0.166223751020804,0.153318089739956,0.163713113310278,0.149931659859385,0.14361980714349,0.140432661320221,0.132725420069789,0.180711510789863
2023-08-09,0.160903106170897,0.147832196043672,0.153923867440638,0.143494876641646,0.138660416204061,0.135593891436108,0.127970459067217,0.171192046667315
2023-08-16,0.163970455831779,0.14566197389913,0.155980916878486,0.137372379301906,0.136828200228079,0.126965672930112,0.128249262643768,0.16715082217338
2023-08-23,0.16427261881957,0.145865260999421,0.156004635534535,0.137435103709239,0.136985851394708,0.127055308606067,0.128349758458523,0.167159504835366
2023-08-30,0.165550530399501,0.14699769246025,0.157395179238857,0.13858895395284,0.138035552547007,0.127819017598794,0.12936524175332,0.168667477642881
2023-09-06,0.152944436540969,0.135859394285912,0.142894860136289,0.125213693576394,0.126580202459068,0.116673483088697,0.1196011778314,0.150649715956174
2023-09-13,0.154969802518809,0.137588189208497,0.144762960383212,0.126824528841367,0.12808671244027,0.117864707924427,0.120864371361884,0.152515553248774
2023-09-20,0.1376718141052,0.121935252559878,0.140246871346359,0.120260897889175,0.123147412032891,0.11119615251266,0.118648337801306,0.148799567884132
2023-09-27,0.159532923736588,0.13588764866669,0.151802312348132,0.134032893351996,0.13819294986663,0.12798448411852,0.131115094120705,0.162544397725789
2023-10-04,0.167165608994575,0.148303518786227,0.170262895865576,0.149178061958037,0.1500012438638,0.142608204140844,0.147316320305462,0.196452714701813
2023-10-11,0.184071694650485,0.168468295615909,0.207496890796259,0.175774886222498,0.168069517806521,0.158907796142837,0.167272432420216,0.241112683148582
2023-10-18,0.165426237392022,0.151237595258609,0.194273658219999,0.16373841270154,0.152301549662059,0.144904570345847,0.154211162175824,0.229189550927389
2023-10-25,0.169510778564465,0.157114396864922,0.204589765460928,0.169833091333485,0.157157139614266,0.148847725617961,0.158186444228614,0.243350823641967
2023-11-01,0.158894494138085,0.147168810997694,0.196222131508731,0.159340190029555,0.145030768933977,0.133843715719974,0.145471306409565,0.233779601577095
2023-11-08,0.16631406822292,0.154504043120686,0.207330065542623,0.166787999101284,0.152254426805892,0.13973151442529,0.151765110927141,0.243426008900178
2023-11-15,0.220639320595017,0.207102530291508,0.264485074093383,0.203326838763764,0.195941578249991,0.181291948703212,0.180257962204077,0.282227212013672
2023-11-22,0.221116479855638,0.207860883179851,0.265250575652046,0.203668810658739,0.196213059847258,0.181452297716774,0.180303277123521,0.282369102004662
2023-11-29,0.220728153776771,0.207502233442536,0.264856102686503,0.203276607299399,0.195846365778371,0.181125105206859,0.179971133974009,0.281892285543814
2023-12-06,0.230838271568893,0.215802351258907,0.272938456903572,0.212573277807181,0.203348189144566,0.188649778580731,0.186688255065517,0.290804942964386
2023-12-13,0.234359017866749,0.21886063182554,0.276278969972941,0.217639540511013,0.206348361413094,0.192025117564421,0.188943992073918,0.294332875228182
2023-12-20,0.277872391161169,0.265409662354021,0.33519016939682,0.283441027803451,0.252948038610784,0.236493242637541,0.228338885506927,0.354407405925838
2023-12-27,0.256973410535587,0.252832582597834,0.324553181810309,0.272248476615381,0.239239972049588,0.222876158178641,0.216357141115838,0.344442693990467
2024-01-03,0.237309926926435,0.233521686766562,0.298064705074316,0.252340611630621,0.218044513744166,0.200692617308571,0.189135175245476,0.307349341603359
2024-01-10,0.236030487661461,0.230625032724578,0.289399656012135,0.247579517095371,0.215395552030045,0.19816289231537,0.184365107374989,0.293231937718173
2024-01-17,0.254902366225498,0.248596950486687,0.300163453053706,0.276314404006931,0.235214710302933,0.215455400205926,0.20017287319221,0.319172085285809
2024-01-24,0.242398878307342,0.235875744563801,0.27893313853535,0.265725369840504,0.223160029948777,0.205007628243169,0.188520492423576,0.297087016601758
2024-01-31,0.238298105399093,0.231222093402541,0.268516731218056,0.261669052252922,0.219170790629577,0.201527779348352,0.184617240348215,0.289447044189523
2024-02-07,0.238527333603188,0.231428237452554,0.268280106115212,0.26198006237089,0.219389511505402,0.201731121969589,0.184781840007961,0.289869682105518
2024-02-14,0.203209857079371,0.200673616085615,0.230630899927857,0.244515021034245,0.194918736498223,0.180419138599553,0.167185215504221,0.266761031172841
2024-02-21,0.20474954698228,0.201582848540146,0.229632412656067,0.246878739723869,0.197056690774542,0.182668535373112,0.169167917999566,0.270754700596396
2024-02-28,0.209059626719071,0.205644421254555,0.233252882394638,0.251200731138305,0.201189562254021,0.186722791412816,0.17271234965518,0.276868953934305
2024-03-06,0.200829015845008,0.199749844976179,0.227277346198024,0.247065924972506,0.196565698594808,0.182246306029527,0.169061684289267,0.273387634030129
2024-03-13,0.19862912150075,0.19836088045686,0.222988952181536,0.243424546208504,0.194746180871461,0.179872541737382,0.16725192301331,0.27061932438781
2024-03-20,0.131105779681741,0.130054612001126,0.124827544922231,0.162220191290789,0.129814722221914,0.116486199253972,0.110959226422317,0.189897619851023
2024-03-27,0.14448216252707,0.142481653150191,0.135018154018089,0.174601456413662,0.141445321133347,0.128518679838039,0.122085294386575,0.205756316519976
2024-04-03,0.142562710270502,0.140116302916377,0.132967600459527,0.17156570122945,0.139546809433074,0.127022907718236,0.120599054610066,0.203113962693327
2024-04-10,0.143326363884597,0.140813915744463,0.133449018022808,0.172281304887825,0.140483993660102,0.128019253233132,0.121190417098291,0.203282094194253
2024-04-17,0.120982877120964,0.11781632161021,0.110900120051572,0.131401595956728,0.116143730404374,0.109783722652354,0.104279604098491,0.171262577860062
2024-04-24,0.117262989751158,0.113705990857522,0.105810978133892,0.12656991615855,0.112487974685832,0.106398765041469,0.100528396053935,0.163217002932674
2024-05-01,0.11772230102513,0.114016162636856,0.105989092046847,0.126743896019958,0.112959128109427,0.107058408917702,0.101028321853277,0.164016062943062
2024-05-15,0.123683222425738,0.119752414169632,0.11040984342227,0.130541287887172,0.118417823972926,0.11255049935371,0.105665806592883,0.169410263470763
2024-05-22,0.133164412419767,0.128107626949583,0.117711214246707,0.138997977619689,0.126948995887468,0.121831245624537,0.11299359921877,0.180080829575957
2024-05-29,0.128861891454981,0.123871177933642,0.114260579329767,0.13326037966406,0.122239158396067,0.117547401636145,0.109453989768889,0.173290071480955
2024-06-05,0.121084137194224,0.116571783494029,0.107387348215162,0.123780527267097,0.114601237863495,0.110261001334459,0.103349073649209,0.162260683914794
2024-06-12,0.119047099452371,0.114628703501704,0.105323477055582,0.121007971742682,0.112668208336927,0.10841039712114,0.101625418940537,0.159141608458857
2024-06-19,0.151190084709245,0.137915809795042,0.12441527671241,0.152011111396082,0.141868129778319,0.136664818168875,0.131133472309139,0.201458416906218
2024-06-26,0.14854551182461,0.134860496037225,0.121190897326468,0.149401958258888,0.139311373035078,0.134320176973567,0.129369637136964,0.1992647188821
2024-07-03,0.139532001768993,0.125507198872218,0.110860092375222,0.138243159016412,0.130726790035334,0.126396287118504,0.121975216320043,0.188710263141617
2024-07-10,0.142233823441506,0.128799455341226,0.114556761753311,0.14163749516202,0.134120887947583,0.129364148588196,0.125138194119887,0.193474689419808
2024-07-17,0.14184306219861,0.128565842613636,0.114409765155406,0.141013669536117,0.133732570550592,0.12894093597409,0.12453545052457,0.192313810126433
2024-07-24,0.132758758650001,0.118829796341363,0.105989401361781,0.131915339165732,0.124421998045283,0.119758834796239,0.115843771873692,0.178783055253562
2024-07-31,0.133291306061105,0.119210104512189,0.106386026400335,0.132588416381904,0.124978135696686,0.120417771985449,0.116571326255747,0.180113857943913
2024-08-07,0.139803260381705,0.125179516034862,0.112591810530661,0.138424745337516,0.130997941572787,0.12673748077522,0.121934727006837,0.188485561329854
2024-08-14,0.13280123782236,0.11811027145318,0.106744351493666,0.132259847039424,0.124601747613912,0.120766986687363,0.11661087179785,0.180572861013598
2024-08-21,0.121548482579556,0.107613732704823,0.0975299090926963,0.12083846702097,0.114410190961675,0.110764580274574,0.10806559223259,0.166865045119502
2024-08-28,0.119513281592758,0.105955052454748,0.0961718381611494,0.119093643753198,0.112885159245985,0.109370499242229,0.106701634632287,0.164691727231139
2024-09-04,0.118137578981924,0.104873684081871,0.0953800630612689,0.117511408410456,0.11168787396033,0.108294728206478,0.105441675911861,0.162433469793142
2024-09-11,0.119645452163139,0.106344498288062,0.0967711620350151,0.118855201270946,0.113174994381455,0.110331310644666,0.107462886812546,0.165585964268253
2024-09-18,0.0754979136326897,0.0714601749495971,0.0681660040108327,0.0760761881460643,0.0731590281164655,0.0737948425010143,0.0704280746738281,0.11460849750102
2024-09-25,0.0773935340898929,0.073258764878686,0.0696823020275305,0.0777773359136883,0.0756322440844723,0.0768355945777465,0.0726961148121231,0.115840014070029
2024-10-02,0.0719141157460576,0.0676004333187098,0.0647247755094289,0.0702472456310633,0.0701933322123282,0.0717881085723359,0.066857190577757,0.102592178018793
2024-10-09,0.0735449706683547,0.0678381335233305,0.064867531681983,0.0699480779578151,0.0708602785691153,0.0752501686161533,0.0699614987748509,0.106607680552065
2024-10-16,0.0808633145929623,0.0753571823755696,0.0731682815380944,0.0774520846078137,0.0787106544231709,0.0846110642530071,0.0789058250047341,0.117958297830861
2024-10-23,0.0792054965072113,0.0741966407344234,0.0730079002903432,0.0765376963534636,0.0774424774632214,0.0845235922197426,0.0788862316421552,0.117659670110738
2024-10-30,0.0743740941601349,0.0697300312911605,0.0686157708562931,0.071780811987765,0.0727740835145063,0.0799664383486399,0.0747544676336306,0.111311175129797
2024-11-06,0.0834688392562509,0.0799155791927886,0.0817401747904378,0.0814231944115395,0.0833106407459929,0.0933555760234789,0.0873609213049355,0.127407962508097
2024-11-13,0.082511899647126,0.0791971077722263,0.0813668811059349,0.0805409673495515,0.0825500377913919,0.0923201508082977,0.0864600352278396,0.126108446972028
2024-11-20,0.0855706660651805,0.082240820944253,0.0850044781342636,0.0832161807444691,0.085530533238117,0.09473179006062,0.0892900300270451,0.129882085874612
2024-11-27,0.0978350613923536,0.0938441238550287,0.0975986153975621,0.0947271491008002,0.097374938331522,0.107645798187231,0.101773634245135,0.147429080631696
2024-12-04,0.0979910902521788,0.0940623961402248,0.0978433759650558,0.0951035087767632,0.097637208224215,0.107878297407272,0.102128771563142,0.148102922846192
2024-12-11,0.0941509880444172,0.09041402708333,0.0944168384201706,0.0914410357385545,0.093850895530817,0.103476581504046,0.0979872163622551,0.141811074418643
2024-12-18,0.0872456390936253,0.0842781035115031,0.0889206250408599,0.084487104810384,0.0870917355196193,0.095150530669522,0.0903099930791514,0.128397211944729
2024-12-25,0.0870973163737318,0.0842033875103177,0.0889487710715347,0.0843264033383704,0.0869667741785244,0.0949645250735154,0.0902235691649422,0.128200982950806
2025-01-15,0.0831782893613523,0.080379716554627,0.0852133514504393,0.080304321048759,0.0828014253697421,0.0904706022092856,0.0860263233601302,0.122674684360134
2025-01-22,0.0892984365388342,0.0883566670739855,0.0942114442283464,0.0892915818929719,0.0918709118370367,0.0978544664923052,0.0947777784908942,0.130237734782791
2025-01-29,0.092413292482889,0.0924515991948507,0.0988573151564316,0.0928012092322239,0.095667064614941,0.100985916897447,0.0979896210460529,0.133835891225849
2025-02-05,0.105136347232208,0.105393352993814,0.112850012586191,0.105735536745641,0.108846618099288,0.113526720018647,0.110812511312039,0.148891965501913
2025-02-12,0.113458639363679,0.112349726129456,0.120086153327967,0.112364620239247,0.115717960048124,0.12004497017817,0.117565586290551,0.157306658365104
2025-02-19,0.116408820026861,0.115732315070728,0.124127361505351,0.115296421670414,0.11850093186414,0.119408134565213,0.11889548271912,0.155009639791261
2025-02-26,0.115672953423876,0.115086105010561,0.122870728324111,0.115028049640176,0.118069263621747,0.118736263975707,0.118469388840518,0.153403949213376
2025-03-05,0.146648902975419,0.146296258633539,0.156107254687024,0.150988855411791,0.153081940920061,0.155098829528459,0.15280230267956,0.202279965910842
2025-03-12,0.140483128349659,0.141052793017018,0.151406078207775,0.145793053061943,0.147472954831339,0.148202442551033,0.146483151957164,0.193484042534436
2025-03-19,0.147756501427964,0.149297383487702,0.160536485314009,0.155184207023775,0.155957303171909,0.156023792060458,0.155077960110231,0.208452572374859
2025-03-26,0.14817233213048,0.149807803092509,0.161187329917291,0.155803255164228,0.156381467844674,0.156291857188304,0.155417169606305,0.209375428348073
2025-04-02,0.146970963570779,0.148316431818812,0.159933112546346,0.15485101175336,0.155156788201451,0.155159030421836,0.154383563471096,0.208252802732849
2025-04-09,0.191508048905839,0.194152782436722,0.207801084548377,0.207991362682554,0.202285176072413,0.201550320469767,0.211525938833658,0.302104654743926
2025-04-16,0.199657431315926,0.203264684961143,0.213894849619024,0.215999644450545,0.206311480915598,0.206074453784344,0.221523651508842,0.336313080233056
2025-04-23,0.19566548562083,0.198521291338907,0.208759560420808,0.211945848018253,0.201751524476018,0.201458194821885,0.216885516692529,0.331703424712505
2025-04-30,0.197343911342334,0.201118164614433,0.211261071564706,0.214700202732441,0.204458455377733,0.203432482048468,0.218904448024436,0.335278128657195
2025-05-07,0.191328006697105,0.195582878872339,0.204925029336432,0.209422719025395,0.198312528764371,0.197050107131821,0.213341481447945,0.330101388810507
2025-05-14,0.233950011345963,0.253493968931454,0.254099179597648,0.257533248735695,0.250931382168927,0.244070970379502,0.254641105003763,0.382916961182481
2025-05-21,0.23109110473326,0.253338672588999,0.251995461333382,0.255427318583109,0.248604279525109,0.240971005630623,0.251712984593619,0.381417860275035
2025-05-28,0.232737513589538,0.256095486852994,0.254368281216901,0.256858957488987,0.249877699142664,0.241546048254638,0.252390005757978,0.38381178921633
2025-06-04,0.211266524750878,0.235695540232387,0.232109898277572,0.233618696888874,0.226394362441895,0.216279642213213,0.22925630181825,0.353923528924171
2025-06-11,0.215343868057031,0.239369891814848,0.235755580017462,0.236950015206518,0.229624756194325,0.218983039478622,0.231812933695028,0.356939517626989
2025-06-18,0.223160460605472,0.24715565334725,0.240612957787309,0.241666083269582,0.234109922818414,0.222370354025593,0.235679031466099,0.361174000361779
2025-06-25,0.222277654180217,0.246133252537939,0.239531470015287,0.240467193280943,0.233123915541923,0.221510695028358,0.234774668525027,0.359445128237286
2025-07-02,0.225848989773273,0.248633424222002,0.242772043653715,0.24372776858251,0.235738629948323,0.224083529051575,0.236960993601516,0.362243413205261
2025-07-09,0.172271314441901,0.198102329057884,0.185376073245971,0.179064337929942,0.17816500338933,0.163641389586122,0.164536305126501,0.252226777051239
2025-07-16,0.173044242974958,0.198660224424653,0.186952780999121,0.18016145314873,0.180464363873351,0.165713524613788,0.163917519995832,0.236036088851786
2025-07-23,0.176166487244625,0.201008151066398,0.188950754337509,0.182600989488458,0.182330256792311,0.167575037750796,0.165943662059487,0.239440268929039
2025-07-30,0.176524015324846,0.201020430617005,0.18889809181602,0.182748678037142,0.182412005329162,0.167935397172138,0.166166516449846,0.239428700512992
2025-08-06,0.180618004557343,0.204601288306023,0.192106240757559,0.186767758154323,0.185754118484882,0.171235019606575,0.169489213461883,0.243836813050185
2025-08-13,0.11982882681708,0.124693529819943,0.11971592814887,0.115667835586775,0.109168508671541,0.0990570972843325,0.10067431799888,0.146956272500651
2025-08-20,0.142893562528461,0.140164802087615,0.134880355052988,0.133608869955218,0.12715176887307,0.118469297032008,0.118588751857896,0.165463376582015
2025-08-27,0.135179318637895,0.130428728770744,0.124352606468326,0.125413345075641,0.118986794050364,0.111778303126335,0.112205145761379,0.153972476826717
2025-09-03,0.13994917318996,0.134655679454832,0.128787399348543,0.130378173829459,0.123589269961916,0.11642468979757,0.116594869686169,0.160819176605414
2025-09-10,0.136762866320049,0.130583249398806,0.124612642961615,0.128345333815751,0.120739057527198,0.114494211340664,0.114408595001887,0.158080358409054
2025-09-17,0.114235747279758,0.10631215785074,0.10273765256776,0.107720084276989,0.100940261628834,0.0974693551498361,0.0954037542365807,0.133151226190714
2025-09-24,0.11461079954101,0.107075919013808,0.102419101489941,0.107322942383778,0.100872354323938,0.0973787947388165,0.0956404428200824,0.132094873725927
2025-10-01,0.122329636362661,0.113845633875264,0.106324570591384,0.111159997914326,0.106068067357484,0.102972598521874,0.102648975375955,0.135580623559017
2025-10-08,0.123104904608673,0.114646576252334,0.107082488324404,0.111975294515586,0.106830845108826,0.103756402191169,0.103519047469652,0.13690823066175
2025-10-15,0.125259806894067,0.116774939873413,0.10931561588908,0.116711404061268,0.109975531284221,0.106862532370055,0.106999876739468,0.14348010308532
2025-10-22,0.15469739165417,0.145471428984124,0.137828777647266,0.146179720859436,0.1376408832824,0.133871034544793,0.132523475256424,0.188504260112984
2025-10-29,0.18306836211107,0.178201671074743,0.182522843094593,0.183487129301348,0.168666635026386,0.160286434044734,0.160069112266111,0.24153599120505
2025-11-05,0.17428559484558,0.171673609452531,0.178612576901022,0.177883386506658,0.162591369281763,0.15335330428933,0.152876509023671,0.23609049084673
2025-11-12,0.189544846997101,0.189568915299607,0.195490970922348,0.197748277806377,0.176923881416659,0.165110939572045,0.166127896073606,0.261258310844492
2025-11-19,0.203550172592076,0.20960042186643,0.218507910011077,0.217736791123853,0.192488681168493,0.175764407587555,0.17966270160644,0.288611409040689
2025-11-26,0.205021156503687,0.211032604258156,0.220063568571895,0.219104864480822,0.193822784351779,0.177043912427315,0.18100349861649,0.290434307182131
2025-12-03,0.202573540081704,0.209109157679407,0.218530372500028,0.217057087043819,0.191659399485981,0.174651072249538,0.17874909427018,0.287969770823451
2025-12-10,0.202714611137212,0.209161139567285,0.218534815769844,0.216637468755564,0.191618904292852,0.174659994216719,0.178833839012162,0.287085036308068
2025-12-17,0.216221249426709,0.221831540757127,0.230684560246423,0.230407833020711,0.203838055826482,0.186403638976344,0.190730723517676,0.301893588153304
2025-12-24,0.216300697099583,0.22172455963306,0.232121341372478,0.23098381900111,0.204038293679707,0.186316655349741,0.190557507418914,0.302720271758507
